--memberinfo
INSERT INTO "BUNA"."MEMBERINFO" (M_NICKNAME, M_PASSWORD, M_BIRTHYEAR, M_GENDER, M_JOINDATE) VALUES ('강아지', '1234', '2005', '1', TO_DATE('2020-05-24 00:00:00', 'YYYY-MM-DD HH24:MI:SS'));
INSERT INTO "BUNA"."MEMBERINFO" (M_NICKNAME, M_PASSWORD, M_BIRTHYEAR, M_GENDER, M_JOINDATE) VALUES ('고양이', '1234', '2001', '2', TO_DATE('2020-05-25 00:00:00', 'YYYY-MM-DD HH24:MI:SS'));
INSERT INTO "BUNA"."MEMBERINFO" (M_NICKNAME, M_PASSWORD, M_BIRTHYEAR, M_GENDER, M_JOINDATE) VALUES ('소', '1234', '1999', '2', TO_DATE('2020-05-27 00:00:00', 'YYYY-MM-DD HH24:MI:SS'));
INSERT INTO "BUNA"."MEMBERINFO" (M_NICKNAME, M_PASSWORD, M_BIRTHYEAR, M_GENDER, M_JOINDATE) VALUES ('길냥이', '1234', '2005', '2', TO_DATE('2020-05-24 00:00:00', 'YYYY-MM-DD HH24:MI:SS'));
INSERT INTO "BUNA"."MEMBERINFO" (M_NICKNAME, M_PASSWORD, M_BIRTHYEAR, M_GENDER, M_JOINDATE) VALUES ('홍길동', '1234', '1985', '1', TO_DATE('2020-05-24 00:00:00', 'YYYY-MM-DD HH24:MI:SS'));
INSERT INTO "BUNA"."MEMBERINFO" (M_NICKNAME, M_PASSWORD, M_BIRTHYEAR, M_GENDER, M_JOINDATE) VALUES ('또치', '1234', '2005', '2', TO_DATE('2020-05-24 00:00:00', 'YYYY-MM-DD HH24:MI:SS'));
INSERT INTO "BUNA"."MEMBERINFO" (M_NICKNAME, M_PASSWORD, M_BIRTHYEAR, M_GENDER, M_JOINDATE) VALUES ('뚱이', '1234', '1950', '1', TO_DATE('2020-06-23 00:00:00', 'YYYY-MM-DD HH24:MI:SS'));
INSERT INTO "BUNA"."MEMBERINFO" (M_NICKNAME, M_PASSWORD, M_BIRTHYEAR, M_GENDER, M_JOINDATE) VALUES ('둘리', '1234', '1960', '2', TO_DATE('2020-03-24 00:00:00', 'YYYY-MM-DD HH24:MI:SS'));
INSERT INTO "BUNA"."MEMBERINFO" (M_NICKNAME, M_PASSWORD, M_BIRTHYEAR, M_GENDER, M_JOINDATE) VALUES ('고길동', '1234', '2004', '2', TO_DATE('2020-04-24 00:00:00', 'YYYY-MM-DD HH24:MI:SS'));
INSERT INTO "BUNA"."MEMBERINFO" (M_NICKNAME, M_PASSWORD, M_BIRTHYEAR, M_GENDER, M_JOINDATE) VALUES ('징징이', '1234', '1989', '1', TO_DATE('2020-05-24 00:00:00', 'YYYY-MM-DD HH24:MI:SS'));
INSERT INTO "BUNA"."MEMBERINFO" (M_NICKNAME, M_PASSWORD, M_BIRTHYEAR, M_GENDER, M_JOINDATE) VALUES ('집게사장', '1234', '1987', '1', TO_DATE('2020-05-24 00:00:00', 'YYYY-MM-DD HH24:MI:SS'));
INSERT INTO "BUNA"."MEMBERINFO" (M_NICKNAME, M_PASSWORD, M_BIRTHYEAR, M_GENDER, M_JOINDATE) VALUES ('스펀지밥', '1234', '1966', '1', TO_DATE('2020-05-24 00:00:00', 'YYYY-MM-DD HH24:MI:SS'));
INSERT INTO "BUNA"."MEMBERINFO" (M_NICKNAME, M_PASSWORD, M_BIRTHYEAR, M_GENDER, M_JOINDATE) VALUES ('핑핑이', '1234', '1963', '1', TO_DATE('2020-02-24 00:00:00', 'YYYY-MM-DD HH24:MI:SS'));
INSERT INTO "BUNA"."MEMBERINFO" (M_NICKNAME, M_PASSWORD, M_BIRTHYEAR, M_GENDER, M_JOINDATE) VALUES ('물고기', '1234', '1991', '1', TO_DATE('2020-05-24 00:00:00', 'YYYY-MM-DD HH24:MI:SS'));
INSERT INTO "BUNA"."MEMBERINFO" (M_NICKNAME, M_PASSWORD, M_BIRTHYEAR, M_GENDER, M_JOINDATE) VALUES ('대개집사장', '1234', '1999', '1', TO_DATE('2020-01-24 00:00:00', 'YYYY-MM-DD HH24:MI:SS'));
commit;

--planinfo
INSERT INTO "BUNA"."PLANINFO" (P_ROWNUM, M_NICKNAME, P_TITLE, P_FIRSTDATE, P_LASTDATE, T_NAMELIST, P_REGDATE, P_LIKE, P_PUBLIC) VALUES (1,'강아지', '국밥과 함께하는 국밥로드', TO_DATE('2020-05-24 00:00:00', 'YYYY-MM-DD HH24:MI:SS'), TO_DATE('2020-05-30 00:00:00', 'YYYY-MM-DD HH24:MI:SS'), 'aaaaaa', TO_DATE('2020-05-03 00:00:00', 'YYYY-MM-DD HH24:MI:SS'), '24', '1');
INSERT INTO "BUNA"."PLANINFO" (P_ROWNUM, M_NICKNAME, P_TITLE, P_FIRSTDATE, P_LASTDATE, T_NAMELIST, P_REGDATE, P_LIKE, P_PUBLIC) VALUES (2,'고양이', '바다에 미친사람 이거바다', TO_DATE('2020-05-24 00:00:00', 'YYYY-MM-DD HH24:MI:SS'), TO_DATE('2020-05-30 00:00:00', 'YYYY-MM-DD HH24:MI:SS'), 'aaaaaa', TO_DATE('2020-05-03 00:00:00', 'YYYY-MM-DD HH24:MI:SS'), '32', '2');
INSERT INTO "BUNA"."PLANINFO" (P_ROWNUM, M_NICKNAME, P_TITLE, P_FIRSTDATE, P_LASTDATE, T_NAMELIST, P_REGDATE, P_LIKE, P_PUBLIC) VALUES (3,'소', '카페하면 전포카페거리지', TO_DATE('2020-05-24 00:00:00', 'YYYY-MM-DD HH24:MI:SS'), TO_DATE('2020-05-30 00:00:00', 'YYYY-MM-DD HH24:MI:SS'), 'aaaaaa', TO_DATE('2020-05-03 00:00:00', 'YYYY-MM-DD HH24:MI:SS'), '55', '1');
INSERT INTO "BUNA"."PLANINFO" (P_ROWNUM, M_NICKNAME, P_TITLE, P_FIRSTDATE, P_LASTDATE, T_NAMELIST, P_REGDATE, P_LIKE, P_PUBLIC) VALUES (4,'길냥이', '맛집은 우리집', TO_DATE('2020-05-24 00:00:00', 'YYYY-MM-DD HH24:MI:SS'), TO_DATE('2020-05-30 00:00:00', 'YYYY-MM-DD HH24:MI:SS'), 'aaaaaa', TO_DATE('2020-05-03 00:00:00', 'YYYY-MM-DD HH24:MI:SS'), '1', '2');
INSERT INTO "BUNA"."PLANINFO" (P_ROWNUM, M_NICKNAME, P_TITLE, P_FIRSTDATE, P_LASTDATE, T_NAMELIST, P_REGDATE, P_LIKE, P_PUBLIC) VALUES (5,'홍길동', '식도락?ㄴㄴ도시락', TO_DATE('2020-05-24 00:00:00', 'YYYY-MM-DD HH24:MI:SS'), TO_DATE('2020-05-30 00:00:00', 'YYYY-MM-DD HH24:MI:SS'), 'aaaaaa', TO_DATE('2020-05-03 00:00:00', 'YYYY-MM-DD HH24:MI:SS'), '32', '2');
INSERT INTO "BUNA"."PLANINFO" (P_ROWNUM, M_NICKNAME, P_TITLE, P_FIRSTDATE, P_LASTDATE, T_NAMELIST, P_REGDATE, P_LIKE, P_PUBLIC) VALUES (6,'또치', '바다에서 즐기는 휴가', TO_DATE('2020-05-24 00:00:00', 'YYYY-MM-DD HH24:MI:SS'), TO_DATE('2020-05-30 00:00:00', 'YYYY-MM-DD HH24:MI:SS'), 'aaaaaa', TO_DATE('2020-05-03 00:00:00', 'YYYY-MM-DD HH24:MI:SS'), '44', '1');
INSERT INTO "BUNA"."PLANINFO" (P_ROWNUM, M_NICKNAME, P_TITLE, P_FIRSTDATE, P_LASTDATE, T_NAMELIST, P_REGDATE, P_LIKE, P_PUBLIC) VALUES (7,'뚱이', '부산 여유롭게 둘러보기', TO_DATE('2020-05-24 00:00:00', 'YYYY-MM-DD HH24:MI:SS'), TO_DATE('2020-05-30 00:00:00', 'YYYY-MM-DD HH24:MI:SS'), 'aaaaaa', TO_DATE('2020-05-03 00:00:00', 'YYYY-MM-DD HH24:MI:SS'), '24', '2');
INSERT INTO "BUNA"."PLANINFO" (P_ROWNUM, M_NICKNAME, P_TITLE, P_FIRSTDATE, P_LASTDATE, T_NAMELIST, P_REGDATE, P_LIKE, P_PUBLIC) VALUES (8,'둘리', '사진찍기 좋은 부산의 명소들', TO_DATE('2020-05-24 00:00:00', 'YYYY-MM-DD HH24:MI:SS'), TO_DATE('2020-05-30 00:00:00', 'YYYY-MM-DD HH24:MI:SS'), 'aaaaaa', TO_DATE('2020-05-03 00:00:00', 'YYYY-MM-DD HH24:MI:SS'), '87', '2');
INSERT INTO "BUNA"."PLANINFO" (P_ROWNUM, M_NICKNAME, P_TITLE, P_FIRSTDATE, P_LASTDATE, T_NAMELIST, P_REGDATE, P_LIKE, P_PUBLIC) VALUES (9,'고길동', '놓치기 아쉬운 이색 부산데이트', TO_DATE('2020-05-24 00:00:00', 'YYYY-MM-DD HH24:MI:SS'), TO_DATE('2020-05-30 00:00:00', 'YYYY-MM-DD HH24:MI:SS'), 'aaaaaa', TO_DATE('2020-05-03 00:00:00', 'YYYY-MM-DD HH24:MI:SS'), '55', '2');
INSERT INTO "BUNA"."PLANINFO" (P_ROWNUM, M_NICKNAME, P_TITLE, P_FIRSTDATE, P_LASTDATE, T_NAMELIST, P_REGDATE, P_LIKE, P_PUBLIC) VALUES (10,'징징이', '부산 길거리 맛 기행', TO_DATE('2020-05-24 00:00:00', 'YYYY-MM-DD HH24:MI:SS'), TO_DATE('2020-05-30 00:00:00', 'YYYY-MM-DD HH24:MI:SS'), 'aaaaaa', TO_DATE('2020-05-03 00:00:00', 'YYYY-MM-DD HH24:MI:SS'), '99', '1');
INSERT INTO "BUNA"."PLANINFO" (P_ROWNUM, M_NICKNAME, P_TITLE, P_FIRSTDATE, P_LASTDATE, T_NAMELIST, P_REGDATE, P_LIKE, P_PUBLIC) VALUES (11,'집게사장', '무봤나 국밥', TO_DATE('2020-05-24 00:00:00', 'YYYY-MM-DD HH24:MI:SS'), TO_DATE('2020-05-30 00:00:00', 'YYYY-MM-DD HH24:MI:SS'), 'aaaaaa', TO_DATE('2020-05-03 00:00:00', 'YYYY-MM-DD HH24:MI:SS'), '76', '1');
INSERT INTO "BUNA"."PLANINFO" (P_ROWNUM, M_NICKNAME, P_TITLE, P_FIRSTDATE, P_LASTDATE, T_NAMELIST, P_REGDATE, P_LIKE, P_PUBLIC) VALUES (12,'스펀지밥', '서핑하면 송정이지', TO_DATE('2020-05-24 00:00:00', 'YYYY-MM-DD HH24:MI:SS'), TO_DATE('2020-05-30 00:00:00', 'YYYY-MM-DD HH24:MI:SS'), 'aaaaaa', TO_DATE('2020-05-03 00:00:00', 'YYYY-MM-DD HH24:MI:SS'), '65', '2');
INSERT INTO "BUNA"."PLANINFO" (P_ROWNUM, M_NICKNAME, P_TITLE, P_FIRSTDATE, P_LASTDATE, T_NAMELIST, P_REGDATE, P_LIKE, P_PUBLIC) VALUES (13,'핑핑이', '부산술집 다 여기로', TO_DATE('2020-05-24 00:00:00', 'YYYY-MM-DD HH24:MI:SS'), TO_DATE('2020-05-30 00:00:00', 'YYYY-MM-DD HH24:MI:SS'), 'aaaaaa', TO_DATE('2020-05-03 00:00:00', 'YYYY-MM-DD HH24:MI:SS'), '43', '1');
INSERT INTO "BUNA"."PLANINFO" (P_ROWNUM, M_NICKNAME, P_TITLE, P_FIRSTDATE, P_LASTDATE, T_NAMELIST, P_REGDATE, P_LIKE, P_PUBLIC) VALUES (14,'물고기', '밥먹고합시다 어서오이소', TO_DATE('2020-05-24 00:00:00', 'YYYY-MM-DD HH24:MI:SS'), TO_DATE('2020-05-30 00:00:00', 'YYYY-MM-DD HH24:MI:SS'), 'aaaaaa', TO_DATE('2020-05-03 00:00:00', 'YYYY-MM-DD HH24:MI:SS'), '11', '1');
INSERT INTO "BUNA"."PLANINFO" (P_ROWNUM, M_NICKNAME, P_TITLE, P_FIRSTDATE, P_LASTDATE, T_NAMELIST, P_REGDATE, P_LIKE, P_PUBLIC) VALUES (15,'대개집사장', '어서오이소 밀면집에', TO_DATE('2020-05-24 00:00:00', 'YYYY-MM-DD HH24:MI:SS'), TO_DATE('2020-05-30 00:00:00', 'YYYY-MM-DD HH24:MI:SS'), 'aaaaaa', TO_DATE('2020-05-03 00:00:00', 'YYYY-MM-DD HH24:MI:SS'), '54', '1');
COMMIT;

--sopdetail
insert into spotdetail values ('E01', '세계 최고의 케이팝 콘서트, 부산원아시아페스티벌');
insert into spotdetail values ('E02', '영화속 음식을 다양하게 즐길 수 있는, 부산푸드필름페스타');
insert into spotdetail values ('E03', '영화로 물드는 부산의 10월, 부산국제영화제');
insert into spotdetail values ('E04', '아름다운 부산 밤하늘의 하모니, 부산불꽃축제');
insert into spotdetail values ('E05', '음악에 적셔진 한 여름 밤의 열정, 부산국제록페스티벌');
insert into spotdetail values ('E06', '부산하면 여름 여름하면, 부산바다축제!');
insert into spotdetail values ('E07', '해양에 대한 모든 것, 부산항축제');
insert into spotdetail values ('E08', '동래 언덕 위에 피어나는 역사 속 그 날, 동래읍성 역사축제');
insert into spotdetail values ('E09', '어방이 궁금해? 궁금하면, 광안리어방축제');
insert into spotdetail values ('E10', '보고 듣고 맛보는 즐거움이 가득한, 부산자갈치축제');
insert into spotdetail values ('E11', '다대포 바다를 물들이는 예술의 향기, 부산바다미술제');
insert into spotdetail values ('E12', '해운대 밤바다를 낭만으로 물들이는, 해운대빛축제');
insert into spotdetail values ('E13', '크리스마스트리의 향연, 부산크리스마스트리문화축제');
insert into spotdetail values ('E14', '구포나루의 추억과 낭만, 낙동강구포나루축제');
insert into spotdetail values ('E15', '샛노란 봄날의 유혹, 부산낙동강유채꽃축제');
insert into spotdetail values ('E16', '모래의 변신은 예술, 해운대모래축제를 가다');
insert into spotdetail values ('E17', '부산에서 만나는 중국의 흥!, 부산차이나타운특구 문화축제');
insert into spotdetail values ('E18', '한-일 양국에 피어나는 봄꽃, 조선통신사축제');
insert into spotdetail values ('E19', '미로 골목길 투어, 감천문화마을 골목축제');
insert into spotdetail values ('E20', '골목 분위기 제대로 즐기는, 부산원도심골목길축제');
insert into spotdetail values ('E21', '열정가득!  벚꽃가득!, 사상강변축제');
insert into spotdetail values ('E22', '오색찬란 연등터널, 삼광사 연등축제');
insert into spotdetail values ('E23', '태종대에서 만난 오색찬란, 수국 축제');
insert into spotdetail values ('E24', '몽환의 순간을 담다, 삼락벚꽃축제');
insert into spotdetail values ('E25', '보름달이 뜨는 밤엔, 해운대달맞이온천축제');
insert into spotdetail values ('E26', '한겨울의 짜릿함, 해운대북극곰축제');
insert into spotdetail values ('E27', '문화로 노닐다, 금정산성축제');
insert into spotdetail values ('E28', '명품 토마토를 사수하라!, 대저토마토축제');
insert into spotdetail values ('E29', '기장멸치의 변신은 무죄, 기장멸치축제');
insert into spotdetail values ('E30', '기장 봄바다의 맛, 기장미역다시마축제');
COMMIT;

--event
set define off;
--대체변수 입력 off
insert into event values ('E01', '세계 최고의 케이팝 콘서트, 부산원아시아페스티벌', '부산사직종합운동장 부산아시아드주경기장','051-500-2134','부산 연제구 월드컵대로 344','2022/10/27','2022/10.30','images/1.jpg','https://www.visitbusan.net/index.do?menuCd=DOM_000000201005001000&uc_seq=1062&lang_cd=ko&pagingParms=4ca15f3a76a21f554a6e515f5344f50c4f734814d27260977c0eb574b1e0019a33f5a8e2dd587a9efb82cc91cf112987488312a3bc08c3054da8c190c930f6592e7894a7ed3cf424c17bc506baa57feb0aa608ee54ad79feb8b43e0becf2aedf306446a26175f37928b2e64d297ab48f8acfae3743ce2794ef15d99eb793341329c53a76d24a81ef72a11ca917970aac34400ec0365d93e364d7a859d58178e212648c28901350cb20330ec09b4e8c7ee5e2b8287a2a6536a889e832bf7d31f847bff6a467836ed9d75537b39410af399cbcba9ee6702cb3dbdfc37118061bdc6242d2505ff463a634757c4ad1fb5316c17e3c6c881b1202936a9591f574a9b458fe7ada378c8e24a939d38009efceb2f1d2f3d9fb0a84335999d70d74a175a02229fcd269f25ecae09cba47d7fa5b4ca79471889a1020e6226a199377b97ead69d777bcce27c101be7225c1ffeb0036367494277c22e6ec9cff0114e7cadf3a2d867367262d1b5f6a717ace24b4cae0734d3410c3de7cbbe8e8e2de4a08c9f7f2d71419b760deedc85bfd092d20cf83296e62049d974032c50fee7f8aa0e20719104acb04653baa264be502ef0f1cca19faf72dfd77b0bf1930b929eb2ee93dbea2f5bff2d9ad4661906d2630252c7a77755caae6cc44ce63bad15ddb06615ce3b6b3e2ad2ade8ddc56b9a8835779c8968497af73b9cee2d26904ec9ddb2852944561dc3a786f3e5c68c8e0e32ae35abb0978563b823f553103c0757fd7e769114895883f6c30f8d9107f51b43406263d9ba68fff184ad872b9b0efeefd8d3a2a809eb15b6818f12446d25d8cd7efecc9e73ea0fd749ff1');
insert into event values ('E02', '영화속 음식을 다양하게 즐길 수 있는, 부산푸드필름페스타', '영화의전당 야외극장','051-780-6000','부산광역시 해운대구 수영강변대로 120','2022/07/01','2022/07/03','images/2.jpg','https://www.visitbusan.net/index.do?menuCd=DOM_000000201005001000&uc_seq=807&lang_cd=ko&pagingParms=4ca15f3a76a21f554a6e515f5344f50c4f734814d27260977c0eb574b1e0019a33f5a8e2dd587a9efb82cc91cf112987488312a3bc08c3054da8c190c930f6592e7894a7ed3cf424c17bc506baa57feb0aa608ee54ad79feb8b43e0becf2aedf306446a26175f37928b2e64d297ab48f8acfae3743ce2794ef15d99eb793341329c53a76d24a81ef72a11ca917970aac34400ec0365d93e364d7a859d58178e212648c28901350cb20330ec09b4e8c7ee5e2b8287a2a6536a889e832bf7d31f847bff6a467836ed9d75537b39410af399cbcba9ee6702cb3dbdfc37118061bdc6242d2505ff463a634757c4ad1fb5316c17e3c6c881b1202936a9591f574a9b458fe7ada378c8e24a939d38009efceb2f1d2f3d9fb0a84335999d70d74a175a02229fcd269f25ecae09cba47d7fa5b4ca79471889a1020e6226a199377b97ead69d777bcce27c101be7225c1ffeb0036367494277c22e6ec9cff0114e7cadf3a2d867367262d1b5f6a717ace24b4cae0734d3410c3de7cbbe8e8e2de4a08c9f7f2d71419b760deedc85bfd092d20cf83296e62049d974032c50fee7f8aa0e20719104acb04653baa264be502ef0f1cca19faf72dfd77b0bf1930b929eb2ee93dbea2f5bff2d9ad4661906d2630252c7a77755caae6cc44ce63bad15ddb06615ce3b6b3e2ad2ade8ddc56b9a8835779c8968497af73b9cee2d26904ec9ddb2852944561dc3a786f3e5c68c8e0e32ae35abb0978563b823f553103c0757fd7e769114895883f6c30f8d9107f51b43406263d9ba68fff184ad872b9b0efeefd8d3a2a809eb15b6818f12446d25d8cd7efecc9e73ea0fd749ff1');
insert into event values ('E03', '영화로 물드는 부산의 10월, 부산국제영화제', '영화의전당 야외극장','051-780-6000','부산광역시 해운대구 수영강변대로 120','2022/10/05','2022/10/14','images/3.jpg','https://www.visitbusan.net/index.do?menuCd=DOM_000000201005001000&uc_seq=524&lang_cd=ko&pagingParms=4ca15f3a76a21f554a6e515f5344f50c4f734814d27260977c0eb574b1e0019a33f5a8e2dd587a9efb82cc91cf112987488312a3bc08c3054da8c190c930f6592e7894a7ed3cf424c17bc506baa57feb0aa608ee54ad79feb8b43e0becf2aedf306446a26175f37928b2e64d297ab48f8acfae3743ce2794ef15d99eb793341329c53a76d24a81ef72a11ca917970aac34400ec0365d93e364d7a859d58178e212648c28901350cb20330ec09b4e8c7ee5e2b8287a2a6536a889e832bf7d31f847bff6a467836ed9d75537b39410af399cbcba9ee6702cb3dbdfc37118061bdc6242d2505ff463a634757c4ad1fb5316c17e3c6c881b1202936a9591f574a9b458fe7ada378c8e24a939d38009efceb2f1d2f3d9fb0a84335999d70d74a175a02229fcd269f25ecae09cba47d7fa5b4ca79471889a1020e6226a199377b97ead69d777bcce27c101be7225c1ffeb0036367494277c22e6ec9cff0114e7cadf3a2d867367262d1b5f6a717ace24b4cae0734d3410c3de7cbbe8e8e2de4a08c9f7f2d71419b760deedc85bfd092d20cf83296e62049d974032c50fee7f8aa0e20719104acb04653baa264be502ef0f1cca19faf72dfd77b0bf1930b929eb2ee93dbea2f5bff2d9ad4661906d2630252c7a77755caae6cc44ce63bad15ddb06615ce3b6b3e2ad2ade8ddc56b9a8835779c8968497af73b9cee2d26904ec9ddb2852944561dc3a786f3e5c68c8e0e32ae35abb0978563b823f553103c0757fd7e769114895883f6c30f8d9107f51b43406263d9ba68fff184ad872b9b0efeefd8d3a2a809eb15b6818f12446d25d8cd7efecc9e73ea0fd749ff1');
insert into event values ('E04', '아름다운 부산 밤하늘의 하모니, 부산불꽃축제', '광안리해수욕장','051-610-4744','부산 수영구 광안해변로 219','2022/11/05','2022/11/05','images/4.jpg','https://www.visitbusan.net/index.do?menuCd=DOM_000000201005001000&uc_seq=395&lang_cd=ko&pagingParms=4ca15f3a76a21f554a6e515f5344f50c4f734814d27260977c0eb574b1e0019a33f5a8e2dd587a9efb82cc91cf112987488312a3bc08c3054da8c190c930f6592e7894a7ed3cf424c17bc506baa57feb0aa608ee54ad79feb8b43e0becf2aedf306446a26175f37928b2e64d297ab48f8acfae3743ce2794ef15d99eb793341329c53a76d24a81ef72a11ca917970aac34400ec0365d93e364d7a859d58178e212648c28901350cb20330ec09b4e8c7ee5e2b8287a2a6536a889e832bf7d31f847bff6a467836ed9d75537b39410af399cbcba9ee6702cb3dbdfc37118061bdc6242d2505ff463a634757c4ad1fb5316c17e3c6c881b1202936a9591f574a9b458fe7ada378c8e24a939d38009efceb2f1d2f3d9fb0a84335999d70d74a175a02229fcd269f25ecae09cba47d7fa5b4ca79471889a1020e6226a199377b97ead69d777bcce27c101be7225c1ffeb0036367494277c22e6ec9cff0114e7cadf3a2d867367262d1b5f6a717ace24b4cae0734d3410c3de7cbbe8e8e2de4a08c9f7f2d71419b760deedc85bfd092d20cf83296e62049d974032c50fee7f8aa0e20719104acb04653baa264be502ef0f1cca19faf72dfd77b0bf1930b929eb2ee93dbea2f5bff2d9ad4661906d2630252c7a77755caae6cc44ce63bad15ddb06615ce3b6b3e2ad2ade8ddc56b9a8835779c8968497af73b9cee2d26904ec9ddb2852944561dc3a786f3e5c68c8e0e32ae35abb0978563b823f553103c0757fd7e769114895883f6c30f8d9107f51b43406263d9ba68fff184ad872b9b0efeefd8d3a2a809eb15b6818f12446d25d8cd7efecc9e73ea0fd749ff1');
insert into event values ('E05', '음악에 적셔진 한 여름 밤의 열정, 부산국제록페스티벌', '삼락생태공원','051-310-4088','부산 사상구 삼락동 29-46','2022/10/01','2022/10/02','images/5.jpg','https://www.visitbusan.net/index.do?menuCd=DOM_000000201005001000&uc_seq=470&lang_cd=ko&pagingParms=4ca15f3a76a21f554a6e515f5344f50c4f734814d27260977c0eb574b1e0019a33f5a8e2dd587a9efb82cc91cf112987488312a3bc08c3054da8c190c930f6592e7894a7ed3cf424c17bc506baa57feb0aa608ee54ad79feb8b43e0becf2aedf306446a26175f37928b2e64d297ab48f8acfae3743ce2794ef15d99eb793341329c53a76d24a81ef72a11ca917970aac34400ec0365d93e364d7a859d58178e212648c28901350cb20330ec09b4e8c7ee5e2b8287a2a6536a889e832bf7d31f847bff6a467836ed9d75537b39410af399cbcba9ee6702cb3dbdfc37118061bdc6242d2505ff463a634757c4ad1fb5316c17e3c6c881b1202936a9591f574a9b458fe7ada378c8e24a939d38009efceb2f1d2f3d9fb0a84335999d70d74a175a02229fcd269f25ecae09cba47d7fa5b4ca79471889a1020e6226a199377b97ead69d777bcce27c101be7225c1ffeb0036367494277c22e6ec9cff0114e7cadf3a2d867367262d1b5f6a717ace24b4cae0734d3410c3de7cbbe8e8e2de4a08c9f7f2d71419b760deedc85bfd092d20cf83296e62049d974032c50fee7f8aa0e20719104acb04653baa264be502ef0f1cca19faf72dfd77b0bf1930b929eb2ee93dbea2f5bff2d9ad4661906d2630252c7a77755caae6cc44ce63bad15ddb06615ce3b6b3e2ad2ade8ddc56b9a8835779c8968497af73b9cee2d26904ec9ddb2852944561dc3a786f3e5c68c8e0e32ae35abb0978563b823f553103c0757fd7e769114895883f6c30f8d9107f51b43406263d9ba68fff184ad872b9b0efeefd8d3a2a809eb15b6818f12446d25d8cd7efecc9e73ea0fd749ff1');
insert into event values ('E06', '부산하면 여름 여름하면, 부산바다축제!', '해운대종합관광봉사센터 안내소','051-749-5700','부산 해운대구 해운대해변로 264','2022/07/30','2022/08/07','images/6.jpg','https://www.visitbusan.net/index.do?menuCd=DOM_000000201005001000&uc_seq=71&lang_cd=ko&pagingParms=4ca15f3a76a21f554a6e515f5344f50c4f734814d27260977c0eb574b1e0019a33f5a8e2dd587a9efb82cc91cf112987488312a3bc08c3054da8c190c930f6592e7894a7ed3cf424c17bc506baa57feb0aa608ee54ad79feb8b43e0becf2aedf306446a26175f37928b2e64d297ab48f8acfae3743ce2794ef15d99eb793341329c53a76d24a81ef72a11ca917970aac34400ec0365d93e364d7a859d58178e212648c28901350cb20330ec09b4e8c7ee5e2b8287a2a6536a889e832bf7d31f847bff6a467836ed9d75537b39410af399cbcba9ee6702cb3dbdfc37118061bdc6242d2505ff463a634757c4ad1fb5316c17e3c6c881b1202936a9591f574a9b458fe7ada378c8e24a939d38009efceb2f1d2f3d9fb0a84335999d70d74a175a02229fcd269f25ecae09cba47d7fa5b4ca79471889a1020e6226a199377b97ead69d777bcce27c101be7225c1ffeb0036367494277c22e6ec9cff0114e7cadf3a2d867367262d1b5f6a717ace24b4cae0734d3410c3de7cbbe8e8e2de4a08c9f7f2d71419b760deedc85bfd092d20cf83296e62049d974032c50fee7f8aa0e20719104acb04653baa264be502ef0f1cca19faf72dfd77b0bf1930b929eb2ee93dbea2f5bff2d9ad4661906d2630252c7a77755caae6cc44ce63bad15ddb06615ce3b6b3e2ad2ade8ddc56b9a8835779c8968497af73b9cee2d26904ec9ddb2852944561dc3a786f3e5c68c8e0e32ae35abb0978563b823f553103c0757fd7e769114895883f6c30f8d9107f51b43406263d9ba68fff184ad872b9b0efeefd8d3a2a809eb15b6818f12446d25d8cd7efecc9e73ea0fd749ff1');
insert into event values ('E07', '해양에 대한 모든 것, 부산항축제', '부산항국제전시컨벤션센터','051-400-1280','부산 동구 충장대로 206','2022/07/02','2022/07/03','images/7.jpg','https://www.visitbusan.net/index.do?menuCd=DOM_000000201005001000&uc_seq=406&lang_cd=ko&pagingParms=4ca15f3a76a21f554a6e515f5344f50c4f734814d27260977c0eb574b1e0019a33f5a8e2dd587a9efb82cc91cf112987488312a3bc08c3054da8c190c930f6592e7894a7ed3cf424c17bc506baa57feb0aa608ee54ad79feb8b43e0becf2aedf306446a26175f37928b2e64d297ab48f8acfae3743ce2794ef15d99eb793341329c53a76d24a81ef72a11ca917970aac34400ec0365d93e364d7a859d58178e212648c28901350cb20330ec09b4e8c7ee5e2b8287a2a6536a889e832bf7d31f847bff6a467836ed9d75537b39410af399cbcba9ee6702cb3dbdfc37118061bdc6242d2505ff463a634757c4ad1fb5316c17e3c6c881b1202936a9591f574a9b458fe7ada378c8e24a939d38009efceb2f1d2f3d9fb0a84335999d70d74a175a02229fcd269f25ecae09cba47d7fa5b4ca79471889a1020e6226a199377b97ead69d777bcce27c101be7225c1ffeb0036367494277c22e6ec9cff0114e7cadf3a2d867367262d1b5f6a717ace24b4cae0734d3410c3de7cbbe8e8e2de4a08c9f7f2d71419b760deedc85bfd092d20cf83296e62049d974032c50fee7f8aa0e20719104acb04653baa264be502ef0f1cca19faf72dfd77b0bf1930b929eb2ee93dbea2f5bff2d9ad4661906d2630252c7a77755caae6cc44ce63bad15ddb06615ce3b6b3e2ad2ade8ddc56b9a8835779c8968497af73b9cee2d26904ec9ddb2852944561dc3a786f3e5c68c8e0e32ae35abb0978563b823f553103c0757fd7e769114895883f6c30f8d9107f51b43406263d9ba68fff184ad872b9b0efeefd8d3a2a809eb15b6818f12446d25d8cd7efecc9e73ea0fd749ff1');
insert into event values ('E08', '동래 언덕 위에 피어나는 역사 속 그 날, 동래읍성 역사축제', '동래문화회관 대극장','051-550-6611','부산광역시 동래구 문화로 80','2022/10/14','2022/10/16','images/8.jpg','https://www.visitbusan.net/index.do?menuCd=DOM_000000201005001000&uc_seq=407&lang_cd=ko&pagingParms=4ca15f3a76a21f554a6e515f5344f50c4f734814d27260977c0eb574b1e0019a33f5a8e2dd587a9efb82cc91cf112987488312a3bc08c3054da8c190c930f6592e7894a7ed3cf424c17bc506baa57feb0aa608ee54ad79feb8b43e0becf2aedf306446a26175f37928b2e64d297ab48f8acfae3743ce2794ef15d99eb793341329c53a76d24a81ef72a11ca917970aac34400ec0365d93e364d7a859d58178e212648c28901350cb20330ec09b4e8c7ee5e2b8287a2a6536a889e832bf7d31f847bff6a467836ed9d75537b39410af399cbcba9ee6702cb3dbdfc37118061bdc6242d2505ff463a634757c4ad1fb5316c17e3c6c881b1202936a9591f574a9b458fe7ada378c8e24a939d38009efceb2f1d2f3d9fb0a84335999d70d74a175a02229fcd269f25ecae09cba47d7fa5b4ca79471889a1020e6226a199377b97ead69d777bcce27c101be7225c1ffeb0036367494277c22e6ec9cff0114e7cadf3a2d867367262d1b5f6a717ace24b4cae0734d3410c3de7cbbe8e8e2de4a08c9f7f2d71419b760deedc85bfd092d20cf83296e62049d974032c50fee7f8aa0e20719104acb04653baa264be502ef0f1cca19faf72dfd77b0bf1930b929eb2ee93dbea2f5bff2d9ad4661906d2630252c7a77755caae6cc44ce63bad15ddb06615ce3b6b3e2ad2ade8ddc56b9a8835779c8968497af73b9cee2d26904ec9ddb2852944561dc3a786f3e5c68c8e0e32ae35abb0978563b823f553103c0757fd7e769114895883f6c30f8d9107f51b43406263d9ba68fff184ad872b9b0efeefd8d3a2a809eb15b6818f12446d25d8cd7efecc9e73ea0fd749ff1');
insert into event values ('E09', '어방이 궁금해? 궁금하면, 광안리어방축제', '광안리해수욕장','051-610-4744','부산광역시 수영구 광안해변로 219','2022/10/14','2022/10/16','images/9.jpg','https://www.visitbusan.net/index.do?menuCd=DOM_000000201005001000&uc_seq=442&lang_cd=ko&pagingParms=4ca15f3a76a21f554a6e515f5344f50c4f734814d27260977c0eb574b1e0019a33f5a8e2dd587a9efb82cc91cf112987488312a3bc08c3054da8c190c930f6592e7894a7ed3cf424c17bc506baa57feb0aa608ee54ad79feb8b43e0becf2aedf306446a26175f37928b2e64d297ab48f8acfae3743ce2794ef15d99eb793341329c53a76d24a81ef72a11ca917970aac34400ec0365d93e364d7a859d58178e212648c28901350cb20330ec09b4e8c7ee5e2b8287a2a6536a889e832bf7d31f847bff6a467836ed9d75537b39410af399cbcba9ee6702cb3dbdfc37118061bdc6242d2505ff463a634757c4ad1fb5316c17e3c6c881b1202936a9591f574a9b458fe7ada378c8e24a939d38009efceb2f1d2f3d9fb0a84335999d70d74a175a02229fcd269f25ecae09cba47d7fa5b4ca79471889a1020e6226a199377b97ead69d777bcce27c101be7225c1ffeb0036367494277c22e6ec9cff0114e7cadf3a2d867367262d1b5f6a717ace24b4cae0734d3410c3de7cbbe8e8e2de4a08c9f7f2d71419b760deedc85bfd092d20cf83296e62049d974032c50fee7f8aa0e20719104acb04653baa264be502ef0f1cca19faf72dfd77b0bf1930b929eb2ee93dbea2f5bff2d9ad4661906d2630252c7a77755caae6cc44ce63bad15ddb06615ce3b6b3e2ad2ade8ddc56b9a8835779c8968497af73b9cee2d26904ec9ddb2852944561dc3a786f3e5c68c8e0e32ae35abb0978563b823f553103c0757fd7e769114895883f6c30f8d9107f51b43406263d9ba68fff184ad872b9b0efeefd8d3a2a809eb15b6818f12446d25d8cd7efecc9e73ea0fd749ff1');
insert into event values ('E10', '보고 듣고 맛보는 즐거움이 가득한, 부산자갈치축제', '부산어패류처리조합 ','051-245-2594','부산광역시 중구 자갈치해안로 52','2022/10/13','2022/10/16','images/10.jpg','https://www.visitbusan.net/index.do?menuCd=DOM_000000201005001000&uc_seq=411&lang_cd=ko&pagingParms=4ca15f3a76a21f554a6e515f5344f50c4f734814d27260977c0eb574b1e0019a33f5a8e2dd587a9efb82cc91cf112987488312a3bc08c3054da8c190c930f6592e7894a7ed3cf424c17bc506baa57feb0aa608ee54ad79feb8b43e0becf2aedf306446a26175f37928b2e64d297ab48f8acfae3743ce2794ef15d99eb793341329c53a76d24a81ef72a11ca917970aac34400ec0365d93e364d7a859d58178e212648c28901350cb20330ec09b4e8c7ee5e2b8287a2a6536a889e832bf7d31f847bff6a467836ed9d75537b39410af399cbcba9ee6702cb3dbdfc37118061bdc6242d2505ff463a634757c4ad1fb5316c17e3c6c881b1202936a9591f574a9b458fe7ada378c8e24a939d38009efceb2f1d2f3d9fb0a84335999d70d74a175a02229fcd269f25ecae09cba47d7fa5b4ca79471889a1020e6226a199377b97ead69d777bcce27c101be7225c1ffeb0036367494277c22e6ec9cff0114e7cadf3a2d867367262d1b5f6a717ace24b4cae0734d3410c3de7cbbe8e8e2de4a08c9f7f2d71419b760deedc85bfd092d20cf83296e62049d974032c50fee7f8aa0e20719104acb04653baa264be502ef0f1cca19faf72dfd77b0bf1930b929eb2ee93dbea2f5bff2d9ad4661906d2630252c7a77755caae6cc44ce63bad15ddb06615ce3b6b3e2ad2ade8ddc56b9a8835779c8968497af73b9cee2d26904ec9ddb2852944561dc3a786f3e5c68c8e0e32ae35abb0978563b823f553103c0757fd7e769114895883f6c30f8d9107f51b43406263d9ba68fff184ad872b9b0efeefd8d3a2a809eb15b6818f12446d25d8cd7efecc9e73ea0fd749ff1');
insert into event values ('E11', '다대포 바다를 물들이는 예술의 향기, 부산바다미술제', '다대포꿈의낙조분수 ','051-220-5891','부산광역시 사하구 몰운대1길 14','2022/10/16','2022/11/14','images/11.jpg','https://www.visitbusan.net/index.do?menuCd=DOM_000000201005001000&uc_seq=427&lang_cd=ko&pagingParms=4ca15f3a76a21f554a6e515f5344f50c4f734814d27260977c0eb574b1e0019a33f5a8e2dd587a9efb82cc91cf112987488312a3bc08c3054da8c190c930f6592e7894a7ed3cf424c17bc506baa57feb0aa608ee54ad79feb8b43e0becf2aedf306446a26175f37928b2e64d297ab48f8acfae3743ce2794ef15d99eb793341329c53a76d24a81ef72a11ca917970aac34400ec0365d93e364d7a859d58178e212648c28901350cb20330ec09b4e8c7ee5e2b8287a2a6536a889e832bf7d31f847bff6a467836ed9d75537b39410af399cbcba9ee6702cb3dbdfc37118061bdc6242d2505ff463a634757c4ad1fb5316c17e3c6c881b1202936a9591f574a9b458fe7ada378c8e24a939d38009efceb2f1d2f3d9fb0a84335999d70d74a175a02229fcd269f25ecae09cba47d7fa5b4ca79471889a1020e6226a199377b97ead69d777bcce27c101be7225c1ffeb0036367494277c22e6ec9cff0114e7cadf3a2d867367262d1b5f6a717ace24b4cae0734d3410c3de7cbbe8e8e2de4a08c9f7f2d71419b760deedc85bfd092d20cf83296e62049d974032c50fee7f8aa0e20719104acb04653baa264be502ef0f1cca19faf72dfd77b0bf1930b929eb2ee93dbea2f5bff2d9ad4661906d2630252c7a77755caae6cc44ce63bad15ddb06615ce3b6b3e2ad2ade8ddc56b9a8835779c8968497af73b9cee2d26904ec9ddb2852944561dc3a786f3e5c68c8e0e32ae35abb0978563b823f553103c0757fd7e769114895883f6c30f8d9107f51b43406263d9ba68fff184ad872b9b0efeefd8d3a2a809eb15b6818f12446d25d8cd7efecc9e73ea0fd749ff1');
insert into event values ('E12', '해운대 밤바다를 낭만으로 물들이는, 해운대빛축제', '해운대종합관광봉사센터 안내소','051-749-5700','부산 해운대구 해운대해변로 264','2021/11/27','2022/02/02','images/12.jpg','https://www.visitbusan.net/index.do?menuCd=DOM_000000201005001000&uc_seq=440&lang_cd=ko&pagingParms=4ca15f3a76a21f554a6e515f5344f50c4f734814d27260977c0eb574b1e0019a33f5a8e2dd587a9efb82cc91cf112987488312a3bc08c3054da8c190c930f6592e7894a7ed3cf424c17bc506baa57feb0aa608ee54ad79feb8b43e0becf2aedf306446a26175f37928b2e64d297ab48f8acfae3743ce2794ef15d99eb793341329c53a76d24a81ef72a11ca917970aac34400ec0365d93e364d7a859d58178e212648c28901350cb20330ec09b4e8c7ee5e2b8287a2a6536a889e832bf7d31f847bff6a467836ed9d75537b39410af399cbcba9ee6702cb3dbdfc37118061bdc6242d2505ff463a634757c4ad1fb5316c17e3c6c881b1202936a9591f574a9b458fe7ada378c8e24a939d38009efceb2f1d2f3d9fb0a84335999d70d74a175a02229fcd269f25ecae09cba47d7fa5b4ca79471889a1020e6226a199377b97ead69d777bcce27c101be7225c1ffeb0036367494277c22e6ec9cff0114e7cadf3a2d867367262d1b5f6a717ace24b4cae0734d3410c3de7cbbe8e8e2de4a08c9f7f2d71419b760deedc85bfd092d20cf83296e62049d974032c50fee7f8aa0e20719104acb04653baa264be502ef0f1cca19faf72dfd77b0bf1930b929eb2ee93dbea2f5bff2d9ad4661906d2630252c7a77755caae6cc44ce63bad15ddb06615ce3b6b3e2ad2ade8ddc56b9a8835779c8968497af73b9cee2d26904ec9ddb2852944561dc3a786f3e5c68c8e0e32ae35abb0978563b823f553103c0757fd7e769114895883f6c30f8d9107f51b43406263d9ba68fff184ad872b9b0efeefd8d3a2a809eb15b6818f12446d25d8cd7efecc9e73ea0fd749ff1');
insert into event values ('E13', '크리스마스트리의 향연, 부산크리스마스트리문화축제', 'ABC마트 GS부산광복점','051-246-9900','부산 중구 광복중앙로 2','2021/12/04','2022/01/09','images/13.jpg','https://www.visitbusan.net/index.do?menuCd=DOM_000000201005001000&uc_seq=449&lang_cd=ko&pagingParms=4ca15f3a76a21f554a6e515f5344f50c4f734814d27260977c0eb574b1e0019a33f5a8e2dd587a9efb82cc91cf112987488312a3bc08c3054da8c190c930f6592e7894a7ed3cf424c17bc506baa57feb0aa608ee54ad79feb8b43e0becf2aedf306446a26175f37928b2e64d297ab48f8acfae3743ce2794ef15d99eb793341329c53a76d24a81ef72a11ca917970aac34400ec0365d93e364d7a859d58178e212648c28901350cb20330ec09b4e8c7ee5e2b8287a2a6536a889e832bf7d31f847bff6a467836ed9d75537b39410af399cbcba9ee6702cb3dbdfc37118061bdc6242d2505ff463a634757c4ad1fb5316c17e3c6c881b1202936a9591f574a9b458fe7ada378c8e24a939d38009efceb2f1d2f3d9fb0a84335999d70d74a175a02229fcd269f25ecae09cba47d7fa5b4ca79471889a1020e6226a199377b97ead69d777bcce27c101be7225c1ffeb0036367494277c22e6ec9cff0114e7cadf3a2d867367262d1b5f6a717ace24b4cae0734d3410c3de7cbbe8e8e2de4a08c9f7f2d71419b760deedc85bfd092d20cf83296e62049d974032c50fee7f8aa0e20719104acb04653baa264be502ef0f1cca19faf72dfd77b0bf1930b929eb2ee93dbea2f5bff2d9ad4661906d2630252c7a77755caae6cc44ce63bad15ddb06615ce3b6b3e2ad2ade8ddc56b9a8835779c8968497af73b9cee2d26904ec9ddb2852944561dc3a786f3e5c68c8e0e32ae35abb0978563b823f553103c0757fd7e769114895883f6c30f8d9107f51b43406263d9ba68fff184ad872b9b0efeefd8d3a2a809eb15b6818f12446d25d8cd7efecc9e73ea0fd749ff1');
insert into event values ('E14', '구포나루의 추억과 낭만, 낙동강구포나루축제', '낙동강구포나루축제','051-309-4065','부산 북구 낙동대로1739번길 257','2022/10/22','2022/11/05','images/14.jpg','https://www.visitbusan.net/index.do?menuCd=DOM_000000201005001000&uc_seq=331&lang_cd=ko&pagingParms=4ca15f3a76a21f554a6e515f5344f50c4f734814d27260977c0eb574b1e0019a33f5a8e2dd587a9efb82cc91cf112987488312a3bc08c3054da8c190c930f6592e7894a7ed3cf424c17bc506baa57feb0aa608ee54ad79feb8b43e0becf2aedf306446a26175f37928b2e64d297ab48f8acfae3743ce2794ef15d99eb793341329c53a76d24a81ef72a11ca917970aac34400ec0365d93e364d7a859d58178e212648c28901350cb20330ec09b4e8c7ee5e2b8287a2a6536a889e832bf7d31f847bff6a467836ed9d75537b39410af399cbcba9ee6702cb3dbdfc37118061bdc6242d2505ff463a634757c4ad1fb5316c17e3c6c881b1202936a9591f574a9b458fe7ada378c8e24a939d38009efceb2f1d2f3d9fb0a84335999d70d74a175a02229fcd269f25ecae09cba47d7fa5b4ca79471889a1020e6226a199377b97ead69d777bcce27c101be7225c1ffeb0036367494277c22e6ec9cff0114e7cadf3a2d867367262d1b5f6a717ace24b4cae0734d3410c3de7cbbe8e8e2de4a08c9f7f2d71419b760deedc85bfd092d20cf83296e62049d974032c50fee7f8aa0e20719104acb04653baa264be502ef0f1cca19faf72dfd77b0bf1930b929eb2ee93dbea2f5bff2d9ad4661906d2630252c7a77755caae6cc44ce63bad15ddb06615ce3b6b3e2ad2ade8ddc56b9a8835779c8968497af73b9cee2d26904ec9ddb2852944561dc3a786f3e5c68c8e0e32ae35abb0978563b823f553103c0757fd7e769114895883f6c30f8d9107f51b43406263d9ba68fff184ad872b9b0efeefd8d3a2a809eb15b6818f12446d25d8cd7efecc9e73ea0fd749ff1');
insert into event values ('E15', '샛노란 봄날의 유혹, 부산낙동강유채꽃축제', '부산 낙동강유채꽃축제','051-501-6051','부산 강서구 대저1동 2647','2022/04/01','2022/04/30','images/15.jpg','https://www.visitbusan.net/index.do?menuCd=DOM_000000201005001000&uc_seq=496&lang_cd=ko&pagingParms=4ca15f3a76a21f554a6e515f5344f50c4f734814d27260977c0eb574b1e0019a33f5a8e2dd587a9efb82cc91cf112987488312a3bc08c3054da8c190c930f6592e7894a7ed3cf424c17bc506baa57feb0aa608ee54ad79feb8b43e0becf2aedf306446a26175f37928b2e64d297ab48f8acfae3743ce2794ef15d99eb793341329c53a76d24a81ef72a11ca917970aac34400ec0365d93e364d7a859d58178e212648c28901350cb20330ec09b4e8c7ee5e2b8287a2a6536a889e832bf7d31f847bff6a467836ed9d75537b39410af399cbcba9ee6702cb3dbdfc37118061bdc6242d2505ff463a634757c4ad1fb5316c17e3c6c881b1202936a9591f574a9b458fe7ada378c8e24a939d38009efceb2f1d2f3d9fb0a84335999d70d74a175a02229fcd269f25ecae09cba47d7fa5b4ca79471889a1020e6226a199377b97ead69d777bcce27c101be7225c1ffeb0036367494277c22e6ec9cff0114e7cadf3a2d867367262d1b5f6a717ace24b4cae0734d3410c3de7cbbe8e8e2de4a08c9f7f2d71419b760deedc85bfd092d20cf83296e62049d974032c50fee7f8aa0e20719104acb04653baa264be502ef0f1cca19faf72dfd77b0bf1930b929eb2ee93dbea2f5bff2d9ad4661906d2630252c7a77755caae6cc44ce63bad15ddb06615ce3b6b3e2ad2ade8ddc56b9a8835779c8968497af73b9cee2d26904ec9ddb2852944561dc3a786f3e5c68c8e0e32ae35abb0978563b823f553103c0757fd7e769114895883f6c30f8d9107f51b43406263d9ba68fff184ad872b9b0efeefd8d3a2a809eb15b6818f12446d25d8cd7efecc9e73ea0fd749ff1');
insert into event values ('E16', '모래의 변신은 예술, 해운대모래축제를', '해운대종합관광봉사센터 안내소','051-749-5700','부산 해운대구 해운대해변로 264','2022/05/20','2022/05/23','images/16.jpg','https://www.visitbusan.net/index.do?menuCd=DOM_000000201005001000&uc_seq=405&lang_cd=ko&pagingParms=4ca15f3a76a21f554a6e515f5344f50c4f734814d27260977c0eb574b1e0019a33f5a8e2dd587a9efb82cc91cf112987488312a3bc08c3054da8c190c930f6592e7894a7ed3cf424c17bc506baa57feb0aa608ee54ad79feb8b43e0becf2aedf306446a26175f37928b2e64d297ab48f8acfae3743ce2794ef15d99eb793341329c53a76d24a81ef72a11ca917970aac34400ec0365d93e364d7a859d58178e212648c28901350cb20330ec09b4e8c7ee5e2b8287a2a6536a889e832bf7d31f847bff6a467836ed9d75537b39410af399cbcba9ee6702cb3dbdfc37118061bdc6242d2505ff463a634757c4ad1fb5316c17e3c6c881b1202936a9591f574a9b458fe7ada378c8e24a939d38009efceb2f1d2f3d9fb0a84335999d70d74a175a02229fcd269f25ecae09cba47d7fa5b4ca79471889a1020e6226a199377b97ead69d777bcce27c101be7225c1ffeb0036367494277c22e6ec9cff0114e7cadf3a2d867367262d1b5f6a717ace24b4cae0734d3410c3de7cbbe8e8e2de4a08c9f7f2d71419b760deedc85bfd092d20cf83296e62049d974032c50fee7f8aa0e20719104acb04653baa264be502ef0f1cca19faf72dfd77b0bf1930b929eb2ee93dbea2f5bff2d9ad4661906d2630252c7a77755caae6cc44ce63bad15ddb06615ce3b6b3e2ad2ade8ddc56b9a8835779c8968497af73b9cee2d26904ec9ddb2852944561dc3a786f3e5c68c8e0e32ae35abb0978563b823f553103c0757fd7e769114895883f6c30f8d9107f51b43406263d9ba68fff184ad872b9b0efeefd8d3a2a809eb15b6818f12446d25d8cd7efecc9e73ea0fd749ff1');
insert into event values ('E17', '부산에서 만나는 중국의 흥!, 부산차이나타운특구 문화축제', '초량차이나타운 ','051-440-4061','부산 동구 초량동 1109','2022/10/13','2022/10/16','images/17.jpg','https://www.visitbusan.net/index.do?menuCd=DOM_000000201005001000&uc_seq=414&lang_cd=ko&pagingParms=4ca15f3a76a21f554a6e515f5344f50c4f734814d27260977c0eb574b1e0019a33f5a8e2dd587a9efb82cc91cf112987488312a3bc08c3054da8c190c930f6592e7894a7ed3cf424c17bc506baa57feb0aa608ee54ad79feb8b43e0becf2aedf306446a26175f37928b2e64d297ab48f8acfae3743ce2794ef15d99eb793341329c53a76d24a81ef72a11ca917970aac34400ec0365d93e364d7a859d58178e212648c28901350cb20330ec09b4e8c7ee5e2b8287a2a6536a889e832bf7d31f847bff6a467836ed9d75537b39410af399cbcba9ee6702cb3dbdfc37118061bdc6242d2505ff463a634757c4ad1fb5316c17e3c6c881b1202936a9591f574a9b458fe7ada378c8e24a939d38009efceb2f1d2f3d9fb0a84335999d70d74a175a02229fcd269f25ecae09cba47d7fa5b4ca79471889a1020e6226a199377b97ead69d777bcce27c101be7225c1ffeb0036367494277c22e6ec9cff0114e7cadf3a2d867367262d1b5f6a717ace24b4cae0734d3410c3de7cbbe8e8e2de4a08c9f7f2d71419b760deedc85bfd092d20cf83296e62049d974032c50fee7f8aa0e20719104acb04653baa264be502ef0f1cca19faf72dfd77b0bf1930b929eb2ee93dbea2f5bff2d9ad4661906d2630252c7a77755caae6cc44ce63bad15ddb06615ce3b6b3e2ad2ade8ddc56b9a8835779c8968497af73b9cee2d26904ec9ddb2852944561dc3a786f3e5c68c8e0e32ae35abb0978563b823f553103c0757fd7e769114895883f6c30f8d9107f51b43406263d9ba68fff184ad872b9b0efeefd8d3a2a809eb15b6818f12446d25d8cd7efecc255394911058317');
insert into event values ('E18', '한?일 양국에 피어나는 봄꽃, 조선통신사축제', '용두산공원 관리사무소','051-860-7820','부산광역시 중구 용두산길 37-55','2022/05/05','2022/05/08','images/18.jpg','https://www.visitbusan.net/index.do?menuCd=DOM_000000201005001000&uc_seq=523&lang_cd=ko&pagingParms=4ca15f3a76a21f554a6e515f5344f50c4f734814d27260977c0eb574b1e0019a33f5a8e2dd587a9efb82cc91cf112987488312a3bc08c3054da8c190c930f6592e7894a7ed3cf424c17bc506baa57feb0aa608ee54ad79feb8b43e0becf2aedf306446a26175f37928b2e64d297ab48f8acfae3743ce2794ef15d99eb793341329c53a76d24a81ef72a11ca917970aac34400ec0365d93e364d7a859d58178e212648c28901350cb20330ec09b4e8c7ee5e2b8287a2a6536a889e832bf7d31f847bff6a467836ed9d75537b39410af399cbcba9ee6702cb3dbdfc37118061bdc6242d2505ff463a634757c4ad1fb5316c17e3c6c881b1202936a9591f574a9b458fe7ada378c8e24a939d38009efceb2f1d2f3d9fb0a84335999d70d74a175a02229fcd269f25ecae09cba47d7fa5b4ca79471889a1020e6226a199377b97ead69d777bcce27c101be7225c1ffeb0036367494277c22e6ec9cff0114e7cadf3a2d867367262d1b5f6a717ace24b4cae0734d3410c3de7cbbe8e8e2de4a08c9f7f2d71419b760deedc85bfd092d20cf83296e62049d974032c50fee7f8aa0e20719104acb04653baa264be502ef0f1cca19faf72dfd77b0bf1930b929eb2ee93dbea2f5bff2d9ad4661906d2630252c7a77755caae6cc44ce63bad15ddb06615ce3b6b3e2ad2ade8ddc56b9a8835779c8968497af73b9cee2d26904ec9ddb2852944561dc3a786f3e5c68c8e0e32ae35abb0978563b823f553103c0757fd7e769114895883f6c30f8d9107f51b43406263d9ba68fff184ad872b9b0efeefd8d3a2a809eb15b6818f12446d25d8cd7efecc255394911058317');
insert into event values ('E19', '미로 골목길 투어, 감천문화마을 골목축제', '감천문화마을 안내센터','051-204-1444','부산광역시 사하구 감내2로 203','2022/10/28','2022/10/29','images/19.jpg','https://www.visitbusan.net/index.do?menuCd=DOM_000000201005001000&uc_seq=531&lang_cd=ko&pagingParms=4ca15f3a76a21f554a6e515f5344f50c4f734814d27260977c0eb574b1e0019a33f5a8e2dd587a9efb82cc91cf112987488312a3bc08c3054da8c190c930f6592e7894a7ed3cf424c17bc506baa57feb0aa608ee54ad79feb8b43e0becf2aedf306446a26175f37928b2e64d297ab48f8acfae3743ce2794ef15d99eb793341329c53a76d24a81ef72a11ca917970aac34400ec0365d93e364d7a859d58178e212648c28901350cb20330ec09b4e8c7ee5e2b8287a2a6536a889e832bf7d31f847bff6a467836ed9d75537b39410af399cbcba9ee6702cb3dbdfc37118061bdc6242d2505ff463a634757c4ad1fb5316c17e3c6c881b1202936a9591f574a9b458fe7ada378c8e24a939d38009efceb2f1d2f3d9fb0a84335999d70d74a175a02229fcd269f25ecae09cba47d7fa5b4ca79471889a1020e6226a199377b97ead69d777bcce27c101be7225c1ffeb0036367494277c22e6ec9cff0114e7cadf3a2d867367262d1b5f6a717ace24b4cae0734d3410c3de7cbbe8e8e2de4a08c9f7f2d71419b760deedc85bfd092d20cf83296e62049d974032c50fee7f8aa0e20719104acb04653baa264be502ef0f1cca19faf72dfd77b0bf1930b929eb2ee93dbea2f5bff2d9ad4661906d2630252c7a77755caae6cc44ce63bad15ddb06615ce3b6b3e2ad2ade8ddc56b9a8835779c8968497af73b9cee2d26904ec9ddb2852944561dc3a786f3e5c68c8e0e32ae35abb0978563b823f553103c0757fd7e769114895883f6c30f8d9107f51b43406263d9ba68fff184ad872b9b0efeefd8d3a2a809eb15b6818f12446d25d8cd7efecc255394911058317');
insert into event values ('E20', '골목 분위기 제대로 즐기는, 부산원도심골목길축제', '부산원도심 골목길축제','051-501-6051','부산 동구 초량동 994-50','2022/06/11','2022/06/12','images/20.jpg','https://www.visitbusan.net/index.do?menuCd=DOM_000000201005001000&uc_seq=404&lang_cd=ko&pagingParms=4ca15f3a76a21f554a6e515f5344f50c4f734814d27260977c0eb574b1e0019a33f5a8e2dd587a9efb82cc91cf112987488312a3bc08c3054da8c190c930f6592e7894a7ed3cf424c17bc506baa57feb0aa608ee54ad79feb8b43e0becf2aedf306446a26175f37928b2e64d297ab48f8acfae3743ce2794ef15d99eb793341329c53a76d24a81ef72a11ca917970aac34400ec0365d93e364d7a859d58178e212648c28901350cb20330ec09b4e8c7ee5e2b8287a2a6536a889e832bf7d31f847bff6a467836ed9d75537b39410af399cbcba9ee6702cb3dbdfc37118061bdc6242d2505ff463a634757c4ad1fb5316c17e3c6c881b1202936a9591f574a9b458fe7ada378c8e24a939d38009efceb2f1d2f3d9fb0a84335999d70d74a175a02229fcd269f25ecae09cba47d7fa5b4ca79471889a1020e6226a199377b97ead69d777bcce27c101be7225c1ffeb0036367494277c22e6ec9cff0114e7cadf3a2d867367262d1b5f6a717ace24b4cae0734d3410c3de7cbbe8e8e2de4a08c9f7f2d71419b760deedc85bfd092d20cf83296e62049d974032c50fee7f8aa0e20719104acb04653baa264be502ef0f1cca19faf72dfd77b0bf1930b929eb2ee93dbea2f5bff2d9ad4661906d2630252c7a77755caae6cc44ce63bad15ddb06615ce3b6b3e2ad2ade8ddc56b9a8835779c8968497af73b9cee2d26904ec9ddb2852944561dc3a786f3e5c68c8e0e32ae35abb0978563b823f553103c0757fd7e769114895883f6c30f8d9107f51b43406263d9ba68fff184ad872b9b0efeefd8d3a2a809eb15b6818f12446d25d8cd7efecc255394911058317');
insert into event values ('E21', '열정가득!  벚꽃가득!, 사상강변축제', '삼락생태공원','051-310-4088','부산 사상구 삼락동 29-46','2022/03/01','2022/03/30','images/21.jpg','https://www.visitbusan.net/index.do?menuCd=DOM_000000201005001000&uc_seq=500&lang_cd=ko&pagingParms=4ca15f3a76a21f554a6e515f5344f50c4f734814d27260977c0eb574b1e0019a33f5a8e2dd587a9efb82cc91cf112987488312a3bc08c3054da8c190c930f6592e7894a7ed3cf424c17bc506baa57feb0aa608ee54ad79feb8b43e0becf2aedf306446a26175f37928b2e64d297ab48f8acfae3743ce2794ef15d99eb793341329c53a76d24a81ef72a11ca917970aac34400ec0365d93e364d7a859d58178e212648c28901350cb20330ec09b4e8c7ee5e2b8287a2a6536a889e832bf7d31f847bff6a467836ed9d75537b39410af399cbcba9ee6702cb3dbdfc37118061bdc6242d2505ff463a634757c4ad1fb5316c17e3c6c881b1202936a9591f574a9b458fe7ada378c8e24a939d38009efceb2f1d2f3d9fb0a84335999d70d74a175a02229fcd269f25ecae09cba47d7fa5b4ca79471889a1020e6226a199377b97ead69d777bcce27c101be7225c1ffeb0036367494277c22e6ec9cff0114e7cadf3a2d867367262d1b5f6a717ace24b4cae0734d3410c3de7cbbe8e8e2de4a08c9f7f2d71419b760deedc85bfd092d20cf83296e62049d974032c50fee7f8aa0e20719104acb04653baa264be502ef0f1cca19faf72dfd77b0bf1930b929eb2ee93dbea2f5bff2d9ad4661906d2630252c7a77755caae6cc44ce63bad15ddb06615ce3b6b3e2ad2ade8ddc56b9a8835779c8968497af73b9cee2d26904ec9ddb2852944561dc3a786f3e5c68c8e0e32ae35abb0978563b823f553103c0757fd7e769114895883f6c30f8d9107f51b43406263d9ba68fff184ad872b9b0efeefd8d3a2a809eb15b6818f12446d25d8cd7efecc255394911058317');
insert into event values ('E22', '오색찬란 연등터널, 삼광사 연등축제', '삼광사 연등축제 ','051-808-7111','부산광역시 부산진구 초읍천로43번길 77','2022/04/22','2022/05/08','images/22.jpg','https://www.visitbusan.net/index.do?menuCd=DOM_000000201005001000&uc_seq=403&lang_cd=ko&pagingParms=4ca15f3a76a21f554a6e515f5344f50c4f734814d27260977c0eb574b1e0019a33f5a8e2dd587a9efb82cc91cf112987488312a3bc08c3054da8c190c930f6592e7894a7ed3cf424c17bc506baa57feb0aa608ee54ad79feb8b43e0becf2aedf306446a26175f37928b2e64d297ab48f8acfae3743ce2794ef15d99eb793341329c53a76d24a81ef72a11ca917970aac34400ec0365d93e364d7a859d58178e212648c28901350cb20330ec09b4e8c7ee5e2b8287a2a6536a889e832bf7d31f847bff6a467836ed9d75537b39410af399cbcba9ee6702cb3dbdfc37118061bdc6242d2505ff463a634757c4ad1fb5316c17e3c6c881b1202936a9591f574a9b458fe7ada378c8e24a939d38009efceb2f1d2f3d9fb0a84335999d70d74a175a02229fcd269f25ecae09cba47d7fa5b4ca79471889a1020e6226a199377b97ead69d777bcce27c101be7225c1ffeb0036367494277c22e6ec9cff0114e7cadf3a2d867367262d1b5f6a717ace24b4cae0734d3410c3de7cbbe8e8e2de4a08c9f7f2d71419b760deedc85bfd092d20cf83296e62049d974032c50fee7f8aa0e20719104acb04653baa264be502ef0f1cca19faf72dfd77b0bf1930b929eb2ee93dbea2f5bff2d9ad4661906d2630252c7a77755caae6cc44ce63bad15ddb06615ce3b6b3e2ad2ade8ddc56b9a8835779c8968497af73b9cee2d26904ec9ddb2852944561dc3a786f3e5c68c8e0e32ae35abb0978563b823f553103c0757fd7e769114895883f6c30f8d9107f51b43406263d9ba68fff184ad872b9b0efeefd8d3a2a809eb15b6818f12446d25d8cd7efecc255394911058317');
insert into event values ('E23', '태종대에서 만난 오색찬란, 수국 축제', '태종사','051-405-2626','부산광역시 영도구 전망로 119','2022/01/01','2022/12/31','images/23.jpg','https://www.visitbusan.net/index.do?menuCd=DOM_000000201005001000&uc_seq=253&lang_cd=ko&pagingParms=4ca15f3a76a21f554a6e515f5344f50c4f734814d27260977c0eb574b1e0019a33f5a8e2dd587a9efb82cc91cf112987488312a3bc08c3054da8c190c930f6592e7894a7ed3cf424c17bc506baa57feb0aa608ee54ad79feb8b43e0becf2aedf306446a26175f37928b2e64d297ab48f8acfae3743ce2794ef15d99eb793341329c53a76d24a81ef72a11ca917970aac34400ec0365d93e364d7a859d58178e212648c28901350cb20330ec09b4e8c7ee5e2b8287a2a6536a889e832bf7d31f847bff6a467836ed9d75537b39410af399cbcba9ee6702cb3dbdfc37118061bdc6242d2505ff463a634757c4ad1fb5316c17e3c6c881b1202936a9591f574a9b458fe7ada378c8e24a939d38009efceb2f1d2f3d9fb0a84335999d70d74a175a02229fcd269f25ecae09cba47d7fa5b4ca79471889a1020e6226a199377b97ead69d777bcce27c101be7225c1ffeb0036367494277c22e6ec9cff0114e7cadf3a2d867367262d1b5f6a717ace24b4cae0734d3410c3de7cbbe8e8e2de4a08c9f7f2d71419b760deedc85bfd092d20cf83296e62049d974032c50fee7f8aa0e20719104acb04653baa264be502ef0f1cca19faf72dfd77b0bf1930b929eb2ee93dbea2f5bff2d9ad4661906d2630252c7a77755caae6cc44ce63bad15ddb06615ce3b6b3e2ad2ade8ddc56b9a8835779c8968497af73b9cee2d26904ec9ddb2852944561dc3a786f3e5c68c8e0e32ae35abb0978563b823f553103c0757fd7e769114895883f6c30f8d9107f51b43406263d9ba68fff184ad872b9b0efeefd8d3a2a809eb15b6818f12446d25d8cd7efecc255394911058317');
insert into event values ('E24', '몽환의 순간을 담다, 삼락벚꽃축제', '부산삼락벚꽃축제','051-310-3002','부산 사상구 삼락동 29-52','2022/03/01','2022/03/31','images/24.jpg','https://www.visitbusan.net/index.do?menuCd=DOM_000000201005001000&uc_seq=499&lang_cd=ko&pagingParms=4ca15f3a76a21f554a6e515f5344f50c4f734814d27260977c0eb574b1e0019a33f5a8e2dd587a9efb82cc91cf112987488312a3bc08c3054da8c190c930f6592e7894a7ed3cf424c17bc506baa57feb0aa608ee54ad79feb8b43e0becf2aedf306446a26175f37928b2e64d297ab48f8acfae3743ce2794ef15d99eb793341329c53a76d24a81ef72a11ca917970aac34400ec0365d93e364d7a859d58178e212648c28901350cb20330ec09b4e8c7ee5e2b8287a2a6536a889e832bf7d31f847bff6a467836ed9d75537b39410af399cbcba9ee6702cb3dbdfc37118061bdc6242d2505ff463a634757c4ad1fb5316c17e3c6c881b1202936a9591f574a9b458fe7ada378c8e24a939d38009efceb2f1d2f3d9fb0a84335999d70d74a175a02229fcd269f25ecae09cba47d7fa5b4ca79471889a1020e6226a199377b97ead69d777bcce27c101be7225c1ffeb0036367494277c22e6ec9cff0114e7cadf3a2d867367262d1b5f6a717ace24b4cae0734d3410c3de7cbbe8e8e2de4a08c9f7f2d71419b760deedc85bfd092d20cf83296e62049d974032c50fee7f8aa0e20719104acb04653baa264be502ef0f1cca19faf72dfd77b0bf1930b929eb2ee93dbea2f5bff2d9ad4661906d2630252c7a77755caae6cc44ce63bad15ddb06615ce3b6b3e2ad2ade8ddc56b9a8835779c8968497af73b9cee2d26904ec9ddb2852944561dc3a786f3e5c68c8e0e32ae35abb0978563b823f553103c0757fd7e769114895883f6c30f8d9107f51b43406263d9ba68fff184ad872b9b0efeefd8d3a2a809eb15b6818f12446d25d8cd7efecc255394911058317');
insert into event values ('E25', '보름달이 뜨는 밤엔, 해운대달맞이온천축제', '해운대종합관광봉사센터 안내소','051-749-5700','부산 해운대구 해운대해변로 264','2022/02/15','2022/02/15','images/25.jpg','https://www.visitbusan.net/index.do?menuCd=DOM_000000201005001000&uc_seq=502&lang_cd=ko&pagingParms=4ca15f3a76a21f554a6e515f5344f50c4f734814d27260977c0eb574b1e0019a33f5a8e2dd587a9efb82cc91cf112987488312a3bc08c3054da8c190c930f6592e7894a7ed3cf424c17bc506baa57feb0aa608ee54ad79feb8b43e0becf2aedf306446a26175f37928b2e64d297ab48f8acfae3743ce2794ef15d99eb793341329c53a76d24a81ef72a11ca917970aac34400ec0365d93e364d7a859d58178e212648c28901350cb20330ec09b4e8c7ee5e2b8287a2a6536a889e832bf7d31f847bff6a467836ed9d75537b39410af399cbcba9ee6702cb3dbdfc37118061bdc6242d2505ff463a634757c4ad1fb5316c17e3c6c881b1202936a9591f574a9b458fe7ada378c8e24a939d38009efceb2f1d2f3d9fb0a84335999d70d74a175a02229fcd269f25ecae09cba47d7fa5b4ca79471889a1020e6226a199377b97ead69d777bcce27c101be7225c1ffeb0036367494277c22e6ec9cff0114e7cadf3a2d867367262d1b5f6a717ace24b4cae0734d3410c3de7cbbe8e8e2de4a08c9f7f2d71419b760deedc85bfd092d20cf83296e62049d974032c50fee7f8aa0e20719104acb04653baa264be502ef0f1cca19faf72dfd77b0bf1930b929eb2ee93dbea2f5bff2d9ad4661906d2630252c7a77755caae6cc44ce63bad15ddb06615ce3b6b3e2ad2ade8ddc56b9a8835779c8968497af73b9cee2d26904ec9ddb2852944561dc3a786f3e5c68c8e0e32ae35abb0978563b823f553103c0757fd7e769114895883f6c30f8d9107f51b43406263d9ba68fff184ad872b9b0efeefd8d3a2a809eb15b6818f12446d25d8cd7efecc255394911058317');
insert into event values ('E26', '한겨울의 짜릿함, 해운대북극곰축제', '해운대종합관광봉사센터 안내소','051-749-5700','부산 해운대구 해운대해변로 264','2022/06/11','2022/06/20','images/26.jpg','https://www.visitbusan.net/index.do?menuCd=DOM_000000201005001000&uc_seq=503&lang_cd=ko&pagingParms=4ca15f3a76a21f554a6e515f5344f50c4f734814d27260977c0eb574b1e0019a33f5a8e2dd587a9efb82cc91cf112987488312a3bc08c3054da8c190c930f6592e7894a7ed3cf424c17bc506baa57feb0aa608ee54ad79feb8b43e0becf2aedf306446a26175f37928b2e64d297ab48f8acfae3743ce2794ef15d99eb793341329c53a76d24a81ef72a11ca917970aac34400ec0365d93e364d7a859d58178e212648c28901350cb20330ec09b4e8c7ee5e2b8287a2a6536a889e832bf7d31f847bff6a467836ed9d75537b39410af399cbcba9ee6702cb3dbdfc37118061bdc6242d2505ff463a634757c4ad1fb5316c17e3c6c881b1202936a9591f574a9b458fe7ada378c8e24a939d38009efceb2f1d2f3d9fb0a84335999d70d74a175a02229fcd269f25ecae09cba47d7fa5b4ca79471889a1020e6226a199377b97ead69d777bcce27c101be7225c1ffeb0036367494277c22e6ec9cff0114e7cadf3a2d867367262d1b5f6a717ace24b4cae0734d3410c3de7cbbe8e8e2de4a08c9f7f2d71419b760deedc85bfd092d20cf83296e62049d974032c50fee7f8aa0e20719104acb04653baa264be502ef0f1cca19faf72dfd77b0bf1930b929eb2ee93dbea2f5bff2d9ad4661906d2630252c7a77755caae6cc44ce63bad15ddb06615ce3b6b3e2ad2ade8ddc56b9a8835779c8968497af73b9cee2d26904ec9ddb2852944561dc3a786f3e5c68c8e0e32ae35abb0978563b823f553103c0757fd7e769114895883f6c30f8d9107f51b43406263d9ba68fff184ad872b9b0efeefd8d3a2a809eb15b6818f12446d25d8cd7efecc255394911058317');
insert into event values ('E27', '문화로 노닐다, 금정산성축제', '네이처리퍼블릭 장전역점','051-581-1973','부산광역시 금정구 장전온천천로 144','2022/05/26','2022/05/29','images/27.jpg','https://www.visitbusan.net/index.do?menuCd=DOM_000000201005001000&uc_seq=330&lang_cd=ko&pagingParms=4ca15f3a76a21f554a6e515f5344f50c4f734814d27260977c0eb574b1e0019a33f5a8e2dd587a9efb82cc91cf112987488312a3bc08c3054da8c190c930f6592e7894a7ed3cf424c17bc506baa57feb0aa608ee54ad79feb8b43e0becf2aedf306446a26175f37928b2e64d297ab48f8acfae3743ce2794ef15d99eb793341329c53a76d24a81ef72a11ca917970aac34400ec0365d93e364d7a859d58178e212648c28901350cb20330ec09b4e8c7ee5e2b8287a2a6536a889e832bf7d31f847bff6a467836ed9d75537b39410af399cbcba9ee6702cb3dbdfc37118061bdc6242d2505ff463a634757c4ad1fb5316c17e3c6c881b1202936a9591f574a9b458fe7ada378c8e24a939d38009efceb2f1d2f3d9fb0a84335999d70d74a175a02229fcd269f25ecae09cba47d7fa5b4ca79471889a1020e6226a199377b97ead69d777bcce27c101be7225c1ffeb0036367494277c22e6ec9cff0114e7cadf3a2d867367262d1b5f6a717ace24b4cae0734d3410c3de7cbbe8e8e2de4a08c9f7f2d71419b760deedc85bfd092d20cf83296e62049d974032c50fee7f8aa0e20719104acb04653baa264be502ef0f1cca19faf72dfd77b0bf1930b929eb2ee93dbea2f5bff2d9ad4661906d2630252c7a77755caae6cc44ce63bad15ddb06615ce3b6b3e2ad2ade8ddc56b9a8835779c8968497af73b9cee2d26904ec9ddb2852944561dc3a786f3e5c68c8e0e32ae35abb0978563b823f553103c0757fd7e769114895883f6c30f8d9107f51b43406263d9ba68fff184ad872b9b0efeefd8d3a2a809eb15b6818f12446d25d8cd7efecc255394911058317');
insert into event values ('E28', '명품 토마토를 사수하라!, 대저토마토축제', '부산대저토마토축제','051-971-4834','부산광역시 강서구 체육공원로 43','2022/04/03','2022/04/06','images/28.jpg','https://www.visitbusan.net/index.do?menuCd=DOM_000000201005001000&uc_seq=497&lang_cd=ko&pagingParms=4ca15f3a76a21f554a6e515f5344f50c4f734814d27260977c0eb574b1e0019a33f5a8e2dd587a9efb82cc91cf112987488312a3bc08c3054da8c190c930f6592e7894a7ed3cf424c17bc506baa57feb0aa608ee54ad79feb8b43e0becf2aedf306446a26175f37928b2e64d297ab48f8acfae3743ce2794ef15d99eb793341329c53a76d24a81ef72a11ca917970aac34400ec0365d93e364d7a859d58178e212648c28901350cb20330ec09b4e8c7ee5e2b8287a2a6536a889e832bf7d31f847bff6a467836ed9d75537b39410af399cbcba9ee6702cb3dbdfc37118061bdc6242d2505ff463a634757c4ad1fb5316c17e3c6c881b1202936a9591f574a9b458fe7ada378c8e24a939d38009efceb2f1d2f3d9fb0a84335999d70d74a175a02229fcd269f25ecae09cba47d7fa5b4ca79471889a1020e6226a199377b97ead69d777bcce27c101be7225c1ffeb0036367494277c22e6ec9cff0114e7cadf3a2d867367262d1b5f6a717ace24b4cae0734d3410c3de7cbbe8e8e2de4a08c9f7f2d71419b760deedc85bfd092d20cf83296e62049d974032c50fee7f8aa0e20719104acb04653baa264be502ef0f1cca19faf72dfd77b0bf1930b929eb2ee93dbea2f5bff2d9ad4661906d2630252c7a77755caae6cc44ce63bad15ddb06615ce3b6b3e2ad2ade8ddc56b9a8835779c8968497af73b9cee2d26904ec9ddb2852944561dc3a786f3e5c68c8e0e32ae35abb0978563b823f553103c0757fd7e769114895883f6c30f8d9107f51b43406263d9ba68fff184ad872b9b0efeefd8d3a2a809eb15b6818f12446d25d8cd7efecc255394911058317');
insert into event values ('E29', '기장멸치의 변신은 무죄, 기장멸치축제', '기장멸치축제','051-721-4063','부산 기장군 기장읍 대변리 444-20','2022/05/20','2022/05/22','images/29.jpg','https://www.visitbusan.net/index.do?menuCd=DOM_000000201005001000&uc_seq=443&lang_cd=ko&pagingParms=4ca15f3a76a21f554a6e515f5344f50c4f734814d27260977c0eb574b1e0019a33f5a8e2dd587a9efb82cc91cf112987488312a3bc08c3054da8c190c930f6592e7894a7ed3cf424c17bc506baa57feb0aa608ee54ad79feb8b43e0becf2aedf306446a26175f37928b2e64d297ab48f8acfae3743ce2794ef15d99eb793341329c53a76d24a81ef72a11ca917970aac34400ec0365d93e364d7a859d58178e212648c28901350cb20330ec09b4e8c7ee5e2b8287a2a6536a889e832bf7d31f847bff6a467836ed9d75537b39410af399cbcba9ee6702cb3dbdfc37118061bdc6242d2505ff463a634757c4ad1fb5316c17e3c6c881b1202936a9591f574a9b458fe7ada378c8e24a939d38009efceb2f1d2f3d9fb0a84335999d70d74a175a02229fcd269f25ecae09cba47d7fa5b4ca79471889a1020e6226a199377b97ead69d777bcce27c101be7225c1ffeb0036367494277c22e6ec9cff0114e7cadf3a2d867367262d1b5f6a717ace24b4cae0734d3410c3de7cbbe8e8e2de4a08c9f7f2d71419b760deedc85bfd092d20cf83296e62049d974032c50fee7f8aa0e20719104acb04653baa264be502ef0f1cca19faf72dfd77b0bf1930b929eb2ee93dbea2f5bff2d9ad4661906d2630252c7a77755caae6cc44ce63bad15ddb06615ce3b6b3e2ad2ade8ddc56b9a8835779c8968497af73b9cee2d26904ec9ddb2852944561dc3a786f3e5c68c8e0e32ae35abb0978563b823f553103c0757fd7e769114895883f6c30f8d9107f51b43406263d9ba68fff184ad872b9b0efeefd8d3a2a809eb15b6818f12446d25d8cd7efecc255394911058317');
insert into event values ('E30', '기장 봄바다의 맛, 기장미역다시마축제', '삼기물산','051-721-0400','부산 기장군 일광읍 이동길 41','2022/04/06','2022/04/08','images/30.jpg','https://www.visitbusan.net/index.do?menuCd=DOM_000000201005001000&uc_seq=441&lang_cd=ko&pagingParms=4ca15f3a76a21f554a6e515f5344f50c4f734814d27260977c0eb574b1e0019a33f5a8e2dd587a9efb82cc91cf112987488312a3bc08c3054da8c190c930f6592e7894a7ed3cf424c17bc506baa57feb0aa608ee54ad79feb8b43e0becf2aedf306446a26175f37928b2e64d297ab48f8acfae3743ce2794ef15d99eb793341329c53a76d24a81ef72a11ca917970aac34400ec0365d93e364d7a859d58178e212648c28901350cb20330ec09b4e8c7ee5e2b8287a2a6536a889e832bf7d31f847bff6a467836ed9d75537b39410af399cbcba9ee6702cb3dbdfc37118061bdc6242d2505ff463a634757c4ad1fb5316c17e3c6c881b1202936a9591f574a9b458fe7ada378c8e24a939d38009efceb2f1d2f3d9fb0a84335999d70d74a175a02229fcd269f25ecae09cba47d7fa5b4ca79471889a1020e6226a199377b97ead69d777bcce27c101be7225c1ffeb0036367494277c22e6ec9cff0114e7cadf3a2d867367262d1b5f6a717ace24b4cae0734d3410c3de7cbbe8e8e2de4a08c9f7f2d71419b760deedc85bfd092d20cf83296e62049d974032c50fee7f8aa0e20719104acb04653baa264be502ef0f1cca19faf72dfd77b0bf1930b929eb2ee93dbea2f5bff2d9ad4661906d2630252c7a77755caae6cc44ce63bad15ddb06615ce3b6b3e2ad2ade8ddc56b9a8835779c8968497af73b9cee2d26904ec9ddb2852944561dc3a786f3e5c68c8e0e32ae35abb0978563b823f553103c0757fd7e769114895883f6c30f8d9107f51b43406263d9ba68fff184ad872b9b0efeefd8d3a2a809eb15b6818f12446d25d8cd7efecc255394911058317');
commit;


--likeinfo
INSERT INTO "BUNA"."LIKEINFO" (M_NICKNAME, P_ROWNUM, M_AGERANGE, M_GENDER) VALUES ('강아지', '1', '2', '1');
INSERT INTO "BUNA"."LIKEINFO" (M_NICKNAME, P_ROWNUM, M_AGERANGE, M_GENDER) VALUES ('고양이', '2', '4', '2');
INSERT INTO "BUNA"."LIKEINFO" (M_NICKNAME, P_ROWNUM, M_AGERANGE, M_GENDER) VALUES ('소', '3', '1', '1');
INSERT INTO "BUNA"."LIKEINFO" (M_NICKNAME, P_ROWNUM, M_AGERANGE, M_GENDER) VALUES ('길냥이', '4', '4', '2');
INSERT INTO "BUNA"."LIKEINFO" (M_NICKNAME, P_ROWNUM, M_AGERANGE, M_GENDER) VALUES ('홍길동', '5', '3', '1');
INSERT INTO "BUNA"."LIKEINFO" (M_NICKNAME, P_ROWNUM, M_AGERANGE, M_GENDER) VALUES ('또치', '6', '7', '2');
INSERT INTO "BUNA"."LIKEINFO" (M_NICKNAME, P_ROWNUM, M_AGERANGE, M_GENDER) VALUES ('뚱이', '7', '4', '1');
INSERT INTO "BUNA"."LIKEINFO" (M_NICKNAME, P_ROWNUM, M_AGERANGE, M_GENDER) VALUES ('둘리', '8', '4', '1');
INSERT INTO "BUNA"."LIKEINFO" (M_NICKNAME, P_ROWNUM, M_AGERANGE, M_GENDER) VALUES ('고길동', '9', '2', '1');
INSERT INTO "BUNA"."LIKEINFO" (M_NICKNAME, P_ROWNUM, M_AGERANGE, M_GENDER) VALUES ('징징이', '10', '6', '2');
INSERT INTO "BUNA"."LIKEINFO" (M_NICKNAME, P_ROWNUM, M_AGERANGE, M_GENDER) VALUES ('집게사장', '11', '4', '2');
INSERT INTO "BUNA"."LIKEINFO" (M_NICKNAME, P_ROWNUM, M_AGERANGE, M_GENDER) VALUES ('스펀지밥', '12', '2', '1');
INSERT INTO "BUNA"."LIKEINFO" (M_NICKNAME, P_ROWNUM, M_AGERANGE, M_GENDER) VALUES ('핑핑이', '13', '2', '2');
INSERT INTO "BUNA"."LIKEINFO" (M_NICKNAME, P_ROWNUM, M_AGERANGE, M_GENDER) VALUES ('물고기', '14', '3', '1');
INSERT INTO "BUNA"."LIKEINFO" (M_NICKNAME, P_ROWNUM, M_AGERANGE, M_GENDER) VALUES ('대개집사장', '15', '3', '1');
COMMIT;

--taglist
INSERT into taglist values('#부산','23');
INSERT into taglist values('#서울','44');
INSERT into taglist values('#대구','54');
INSERT into taglist values('#울산','13');
INSERT into taglist values('#전주','2');
INSERT into taglist values('#해운대','3');
INSERT into taglist values('#장산','44');
INSERT into taglist values('#가지산','2');
INSERT into taglist values('#광안리','88');
INSERT into taglist values('#경주','23');
INSERT into taglist values('#거제도','43');
INSERT into taglist values('#라면','77');
INSERT into taglist values('#핫도그','48');
INSERT into taglist values('#피자','2');
INSERT into taglist values('#도깨비','93');
COMMIT;

