--------------------------------------------------------
--  파일이 생성됨 - 화요일-9월-27-2022   
--------------------------------------------------------
--------------------------------------------------------
--  DDL for Table MEMBERINFO
--------------------------------------------------------

  CREATE TABLE "BUNA"."MEMBERINFO" 
   (	"M_NICKNAME" VARCHAR2(18 BYTE), 
	"M_PASSWORD" VARCHAR2(50 BYTE), 
	"M_BIRTHYEAR" NUMBER(4,0), 
	"M_GENDER" NUMBER(1,0), 
	"M_JOINDATE" DATE
   ) SEGMENT CREATION IMMEDIATE 
  PCTFREE 10 PCTUSED 40 INITRANS 1 MAXTRANS 255 NOCOMPRESS LOGGING
  STORAGE(INITIAL 65536 NEXT 1048576 MINEXTENTS 1 MAXEXTENTS 2147483645
  PCTINCREASE 0 FREELISTS 1 FREELIST GROUPS 1 BUFFER_POOL DEFAULT FLASH_CACHE DEFAULT CELL_FLASH_CACHE DEFAULT)
  TABLESPACE "SYSTEM" ;
--------------------------------------------------------
--  DDL for Table LIKEINFO
--------------------------------------------------------

  CREATE TABLE "BUNA"."LIKEINFO" 
   (	"M_NICKNAME" VARCHAR2(18 BYTE), 
	"P_ROWNUM" NUMBER, 
	"M_AGERANGE" NUMBER(3,0), 
	"M_GENDER" NUMBER(1,0)
   ) SEGMENT CREATION IMMEDIATE 
  PCTFREE 10 PCTUSED 40 INITRANS 1 MAXTRANS 255 NOCOMPRESS LOGGING
  STORAGE(INITIAL 65536 NEXT 1048576 MINEXTENTS 1 MAXEXTENTS 2147483645
  PCTINCREASE 0 FREELISTS 1 FREELIST GROUPS 1 BUFFER_POOL DEFAULT FLASH_CACHE DEFAULT CELL_FLASH_CACHE DEFAULT)
  TABLESPACE "SYSTEM" ;
--------------------------------------------------------
--  DDL for Table PLANDETAIL
--------------------------------------------------------

  CREATE TABLE "BUNA"."PLANDETAIL" 
   (	"P_ROWNUM" NUMBER, 
	"P_TRIPDAY" NUMBER, 
	"P_TRIPDATE" DATE, 
	"P_SEQUENCE" NUMBER, 
	"S_SERIALNUM" VARCHAR2(18 BYTE), 
	"P_SPOTNAME" VARCHAR2(255 BYTE)
   ) SEGMENT CREATION IMMEDIATE 
  PCTFREE 10 PCTUSED 40 INITRANS 1 MAXTRANS 255 NOCOMPRESS LOGGING
  STORAGE(INITIAL 65536 NEXT 1048576 MINEXTENTS 1 MAXEXTENTS 2147483645
  PCTINCREASE 0 FREELISTS 1 FREELIST GROUPS 1 BUFFER_POOL DEFAULT FLASH_CACHE DEFAULT CELL_FLASH_CACHE DEFAULT)
  TABLESPACE "SYSTEM" ;
--------------------------------------------------------
--  DDL for Table PLANINFO
--------------------------------------------------------

  CREATE TABLE "BUNA"."PLANINFO" 
   (	"P_ROWNUM" NUMBER, 
	"M_NICKNAME" VARCHAR2(18 BYTE), 
	"P_TITLE" VARCHAR2(255 BYTE), 
	"P_FIRSTDATE" DATE, 
	"P_LASTDATE" DATE, 
	"T_NAMELIST" VARCHAR2(255 BYTE), 
	"P_REGDATE" DATE, 
	"P_LIKE" NUMBER, 
	"P_PUBLIC" NUMBER(1,0)
   ) SEGMENT CREATION IMMEDIATE 
  PCTFREE 10 PCTUSED 40 INITRANS 1 MAXTRANS 255 NOCOMPRESS LOGGING
  STORAGE(INITIAL 65536 NEXT 1048576 MINEXTENTS 1 MAXEXTENTS 2147483645
  PCTINCREASE 0 FREELISTS 1 FREELIST GROUPS 1 BUFFER_POOL DEFAULT FLASH_CACHE DEFAULT CELL_FLASH_CACHE DEFAULT)
  TABLESPACE "SYSTEM" ;
REM INSERTING into BUNA.MEMBERINFO
SET DEFINE OFF;
Insert into BUNA.MEMBERINFO (M_NICKNAME,M_PASSWORD,M_BIRTHYEAR,M_GENDER,M_JOINDATE) values ('염소','rkskek123!',2002,1,to_date('22/09/27','RR/MM/DD'));
Insert into BUNA.MEMBERINFO (M_NICKNAME,M_PASSWORD,M_BIRTHYEAR,M_GENDER,M_JOINDATE) values ('고양이','rkskek123!',1990,0,to_date('22/09/25','RR/MM/DD'));
Insert into BUNA.MEMBERINFO (M_NICKNAME,M_PASSWORD,M_BIRTHYEAR,M_GENDER,M_JOINDATE) values ('강아지','rkskek123!',2022,0,to_date('22/09/27','RR/MM/DD'));
Insert into BUNA.MEMBERINFO (M_NICKNAME,M_PASSWORD,M_BIRTHYEAR,M_GENDER,M_JOINDATE) values ('송아지','rkskek123!',1990,1,to_date('22/09/27','RR/MM/DD'));
Insert into BUNA.MEMBERINFO (M_NICKNAME,M_PASSWORD,M_BIRTHYEAR,M_GENDER,M_JOINDATE) values ('기린','rkskek123!',1980,0,to_date('22/09/27','RR/MM/DD'));
Insert into BUNA.MEMBERINFO (M_NICKNAME,M_PASSWORD,M_BIRTHYEAR,M_GENDER,M_JOINDATE) values ('원숭이','rkskek123!',1970,1,to_date('22/09/27','RR/MM/DD'));
Insert into BUNA.MEMBERINFO (M_NICKNAME,M_PASSWORD,M_BIRTHYEAR,M_GENDER,M_JOINDATE) values ('치타','rkskek123!',1962,1,to_date('22/09/27','RR/MM/DD'));
Insert into BUNA.MEMBERINFO (M_NICKNAME,M_PASSWORD,M_BIRTHYEAR,M_GENDER,M_JOINDATE) values ('고슴도치','rkskek123!',1985,0,to_date('22/09/27','RR/MM/DD'));
Insert into BUNA.MEMBERINFO (M_NICKNAME,M_PASSWORD,M_BIRTHYEAR,M_GENDER,M_JOINDATE) values ('사슴','rkskek123!',1992,1,to_date('22/09/27','RR/MM/DD'));
Insert into BUNA.MEMBERINFO (M_NICKNAME,M_PASSWORD,M_BIRTHYEAR,M_GENDER,M_JOINDATE) values ('호랑이','rkskek123!',1996,0,to_date('22/09/27','RR/MM/DD'));
Insert into BUNA.MEMBERINFO (M_NICKNAME,M_PASSWORD,M_BIRTHYEAR,M_GENDER,M_JOINDATE) values ('다람쥐','rkskek123!',1972,0,to_date('22/09/27','RR/MM/DD'));
REM INSERTING into BUNA.LIKEINFO
SET DEFINE OFF;
Insert into BUNA.LIKEINFO (M_NICKNAME,P_ROWNUM,M_AGERANGE,M_GENDER) values ('염소',3,2,1);
Insert into BUNA.LIKEINFO (M_NICKNAME,P_ROWNUM,M_AGERANGE,M_GENDER) values ('강아지',1,0,1);
Insert into BUNA.LIKEINFO (M_NICKNAME,P_ROWNUM,M_AGERANGE,M_GENDER) values ('강아지',2,0,0);
Insert into BUNA.LIKEINFO (M_NICKNAME,P_ROWNUM,M_AGERANGE,M_GENDER) values ('염소',4,2,1);
Insert into BUNA.LIKEINFO (M_NICKNAME,P_ROWNUM,M_AGERANGE,M_GENDER) values ('송아지',5,3,1);
Insert into BUNA.LIKEINFO (M_NICKNAME,P_ROWNUM,M_AGERANGE,M_GENDER) values ('송아지',4,3,1);
Insert into BUNA.LIKEINFO (M_NICKNAME,P_ROWNUM,M_AGERANGE,M_GENDER) values ('송아지',3,3,1);
Insert into BUNA.LIKEINFO (M_NICKNAME,P_ROWNUM,M_AGERANGE,M_GENDER) values ('송아지',2,3,1);
Insert into BUNA.LIKEINFO (M_NICKNAME,P_ROWNUM,M_AGERANGE,M_GENDER) values ('송아지',1,3,1);
Insert into BUNA.LIKEINFO (M_NICKNAME,P_ROWNUM,M_AGERANGE,M_GENDER) values ('기린',6,4,0);
Insert into BUNA.LIKEINFO (M_NICKNAME,P_ROWNUM,M_AGERANGE,M_GENDER) values ('기린',5,4,0);
Insert into BUNA.LIKEINFO (M_NICKNAME,P_ROWNUM,M_AGERANGE,M_GENDER) values ('기린',2,4,0);
Insert into BUNA.LIKEINFO (M_NICKNAME,P_ROWNUM,M_AGERANGE,M_GENDER) values ('원숭이',7,5,1);
Insert into BUNA.LIKEINFO (M_NICKNAME,P_ROWNUM,M_AGERANGE,M_GENDER) values ('원숭이',2,5,1);
Insert into BUNA.LIKEINFO (M_NICKNAME,P_ROWNUM,M_AGERANGE,M_GENDER) values ('원숭이',6,5,1);
Insert into BUNA.LIKEINFO (M_NICKNAME,P_ROWNUM,M_AGERANGE,M_GENDER) values ('치타',8,6,1);
Insert into BUNA.LIKEINFO (M_NICKNAME,P_ROWNUM,M_AGERANGE,M_GENDER) values ('치타',2,6,1);
Insert into BUNA.LIKEINFO (M_NICKNAME,P_ROWNUM,M_AGERANGE,M_GENDER) values ('치타',4,6,1);
Insert into BUNA.LIKEINFO (M_NICKNAME,P_ROWNUM,M_AGERANGE,M_GENDER) values ('치타',7,6,1);
Insert into BUNA.LIKEINFO (M_NICKNAME,P_ROWNUM,M_AGERANGE,M_GENDER) values ('고슴도치',9,3,0);
Insert into BUNA.LIKEINFO (M_NICKNAME,P_ROWNUM,M_AGERANGE,M_GENDER) values ('고슴도치',5,3,0);
Insert into BUNA.LIKEINFO (M_NICKNAME,P_ROWNUM,M_AGERANGE,M_GENDER) values ('고슴도치',2,3,0);
Insert into BUNA.LIKEINFO (M_NICKNAME,P_ROWNUM,M_AGERANGE,M_GENDER) values ('고슴도치',3,3,0);
Insert into BUNA.LIKEINFO (M_NICKNAME,P_ROWNUM,M_AGERANGE,M_GENDER) values ('사슴',10,3,1);
Insert into BUNA.LIKEINFO (M_NICKNAME,P_ROWNUM,M_AGERANGE,M_GENDER) values ('사슴',4,3,1);
Insert into BUNA.LIKEINFO (M_NICKNAME,P_ROWNUM,M_AGERANGE,M_GENDER) values ('사슴',8,3,1);
Insert into BUNA.LIKEINFO (M_NICKNAME,P_ROWNUM,M_AGERANGE,M_GENDER) values ('호랑이',11,2,0);
Insert into BUNA.LIKEINFO (M_NICKNAME,P_ROWNUM,M_AGERANGE,M_GENDER) values ('호랑이',6,2,0);
Insert into BUNA.LIKEINFO (M_NICKNAME,P_ROWNUM,M_AGERANGE,M_GENDER) values ('호랑이',10,2,0);
Insert into BUNA.LIKEINFO (M_NICKNAME,P_ROWNUM,M_AGERANGE,M_GENDER) values ('호랑이',3,2,0);
Insert into BUNA.LIKEINFO (M_NICKNAME,P_ROWNUM,M_AGERANGE,M_GENDER) values ('호랑이',7,2,0);
REM INSERTING into BUNA.PLANDETAIL
SET DEFINE OFF;
Insert into BUNA.PLANDETAIL (P_ROWNUM,P_TRIPDAY,P_TRIPDATE,P_SEQUENCE,S_SERIALNUM,P_SPOTNAME) values (1,1,to_date('22/10/05','RR/MM/DD'),3,'E28','부산대저토마토축제');
Insert into BUNA.PLANDETAIL (P_ROWNUM,P_TRIPDAY,P_TRIPDATE,P_SEQUENCE,S_SERIALNUM,P_SPOTNAME) values (1,1,to_date('22/10/05','RR/MM/DD'),1,'R32','고반식당 부산해운대점');
Insert into BUNA.PLANDETAIL (P_ROWNUM,P_TRIPDAY,P_TRIPDATE,P_SEQUENCE,S_SERIALNUM,P_SPOTNAME) values (1,1,to_date('22/10/05','RR/MM/DD'),2,'R35','서면밀면');
Insert into BUNA.PLANDETAIL (P_ROWNUM,P_TRIPDAY,P_TRIPDATE,P_SEQUENCE,S_SERIALNUM,P_SPOTNAME) values (1,2,to_date('22/10/06','RR/MM/DD'),1,'R42','FM커피하우스 1호점');
Insert into BUNA.PLANDETAIL (P_ROWNUM,P_TRIPDAY,P_TRIPDATE,P_SEQUENCE,S_SERIALNUM,P_SPOTNAME) values (1,2,to_date('22/10/06','RR/MM/DD'),2,'E04','광안리해수욕장');
Insert into BUNA.PLANDETAIL (P_ROWNUM,P_TRIPDAY,P_TRIPDATE,P_SEQUENCE,S_SERIALNUM,P_SPOTNAME) values (1,2,to_date('22/10/06','RR/MM/DD'),3,'R05','평산옥');
Insert into BUNA.PLANDETAIL (P_ROWNUM,P_TRIPDAY,P_TRIPDATE,P_SEQUENCE,S_SERIALNUM,P_SPOTNAME) values (1,3,to_date('22/10/07','RR/MM/DD'),1,'E20','부산원도심 골목길축제');
Insert into BUNA.PLANDETAIL (P_ROWNUM,P_TRIPDAY,P_TRIPDATE,P_SEQUENCE,S_SERIALNUM,P_SPOTNAME) values (1,3,to_date('22/10/07','RR/MM/DD'),2,'R29','빨간떡볶이');
Insert into BUNA.PLANDETAIL (P_ROWNUM,P_TRIPDAY,P_TRIPDATE,P_SEQUENCE,S_SERIALNUM,P_SPOTNAME) values (1,3,to_date('22/10/07','RR/MM/DD'),3,'R23','어밤부');
Insert into BUNA.PLANDETAIL (P_ROWNUM,P_TRIPDAY,P_TRIPDATE,P_SEQUENCE,S_SERIALNUM,P_SPOTNAME) values (2,1,to_date('22/10/06','RR/MM/DD'),1,'E26','해운대종합관광봉사센터 안내소');
Insert into BUNA.PLANDETAIL (P_ROWNUM,P_TRIPDAY,P_TRIPDATE,P_SEQUENCE,S_SERIALNUM,P_SPOTNAME) values (2,1,to_date('22/10/06','RR/MM/DD'),2,'R39','1984나폴리');
Insert into BUNA.PLANDETAIL (P_ROWNUM,P_TRIPDAY,P_TRIPDATE,P_SEQUENCE,S_SERIALNUM,P_SPOTNAME) values (2,1,to_date('22/10/06','RR/MM/DD'),3,'T01','김해국제공항');
Insert into BUNA.PLANDETAIL (P_ROWNUM,P_TRIPDAY,P_TRIPDATE,P_SEQUENCE,S_SERIALNUM,P_SPOTNAME) values (2,2,to_date('22/10/07','RR/MM/DD'),1,'A27','신라스테이 해운대');
Insert into BUNA.PLANDETAIL (P_ROWNUM,P_TRIPDAY,P_TRIPDATE,P_SEQUENCE,S_SERIALNUM,P_SPOTNAME) values (2,2,to_date('22/10/07','RR/MM/DD'),2,'R01','본전돼지국밥');
Insert into BUNA.PLANDETAIL (P_ROWNUM,P_TRIPDAY,P_TRIPDATE,P_SEQUENCE,S_SERIALNUM,P_SPOTNAME) values (2,2,to_date('22/10/07','RR/MM/DD'),3,'E13','ABC마트 GS부산광복점');
Insert into BUNA.PLANDETAIL (P_ROWNUM,P_TRIPDAY,P_TRIPDATE,P_SEQUENCE,S_SERIALNUM,P_SPOTNAME) values (3,1,to_date('22/10/07','RR/MM/DD'),1,'E29','기장멸치축제');
Insert into BUNA.PLANDETAIL (P_ROWNUM,P_TRIPDAY,P_TRIPDATE,P_SEQUENCE,S_SERIALNUM,P_SPOTNAME) values (3,1,to_date('22/10/07','RR/MM/DD'),2,'R44','베르크로스터스');
Insert into BUNA.PLANDETAIL (P_ROWNUM,P_TRIPDAY,P_TRIPDATE,P_SEQUENCE,S_SERIALNUM,P_SPOTNAME) values (3,2,to_date('22/10/08','RR/MM/DD'),1,'A27','신라스테이 해운대');
Insert into BUNA.PLANDETAIL (P_ROWNUM,P_TRIPDAY,P_TRIPDATE,P_SEQUENCE,S_SERIALNUM,P_SPOTNAME) values (3,2,to_date('22/10/08','RR/MM/DD'),2,'A07','크라운하버호텔 부산');
Insert into BUNA.PLANDETAIL (P_ROWNUM,P_TRIPDAY,P_TRIPDATE,P_SEQUENCE,S_SERIALNUM,P_SPOTNAME) values (4,1,to_date('22/10/05','RR/MM/DD'),1,'R32','고반식당 부산해운대점');
Insert into BUNA.PLANDETAIL (P_ROWNUM,P_TRIPDAY,P_TRIPDATE,P_SEQUENCE,S_SERIALNUM,P_SPOTNAME) values (4,1,to_date('22/10/05','RR/MM/DD'),2,'R24','나가하마만게츠');
Insert into BUNA.PLANDETAIL (P_ROWNUM,P_TRIPDAY,P_TRIPDATE,P_SEQUENCE,S_SERIALNUM,P_SPOTNAME) values (4,1,to_date('22/10/05','RR/MM/DD'),3,'E05','삼락생태공원');
Insert into BUNA.PLANDETAIL (P_ROWNUM,P_TRIPDAY,P_TRIPDATE,P_SEQUENCE,S_SERIALNUM,P_SPOTNAME) values (4,2,to_date('22/10/06','RR/MM/DD'),1,'E29','기장멸치축제');
Insert into BUNA.PLANDETAIL (P_ROWNUM,P_TRIPDAY,P_TRIPDATE,P_SEQUENCE,S_SERIALNUM,P_SPOTNAME) values (4,2,to_date('22/10/06','RR/MM/DD'),2,'R01','본전돼지국밥');
Insert into BUNA.PLANDETAIL (P_ROWNUM,P_TRIPDAY,P_TRIPDATE,P_SEQUENCE,S_SERIALNUM,P_SPOTNAME) values (4,2,to_date('22/10/06','RR/MM/DD'),3,'R28','버거샵 해운대점');
Insert into BUNA.PLANDETAIL (P_ROWNUM,P_TRIPDAY,P_TRIPDATE,P_SEQUENCE,S_SERIALNUM,P_SPOTNAME) values (5,1,to_date('22/10/11','RR/MM/DD'),1,'R46','스노잉클라우드');
Insert into BUNA.PLANDETAIL (P_ROWNUM,P_TRIPDAY,P_TRIPDATE,P_SEQUENCE,S_SERIALNUM,P_SPOTNAME) values (5,1,to_date('22/10/11','RR/MM/DD'),2,'E11','다대포꿈의낙조분수');
Insert into BUNA.PLANDETAIL (P_ROWNUM,P_TRIPDAY,P_TRIPDATE,P_SEQUENCE,S_SERIALNUM,P_SPOTNAME) values (5,1,to_date('22/10/11','RR/MM/DD'),3,'E16','해운대종합관광봉사센터 안내소');
Insert into BUNA.PLANDETAIL (P_ROWNUM,P_TRIPDAY,P_TRIPDATE,P_SEQUENCE,S_SERIALNUM,P_SPOTNAME) values (5,1,to_date('22/10/11','RR/MM/DD'),4,'R12','육전밀면 부산역본점');
Insert into BUNA.PLANDETAIL (P_ROWNUM,P_TRIPDAY,P_TRIPDATE,P_SEQUENCE,S_SERIALNUM,P_SPOTNAME) values (5,2,to_date('22/10/12','RR/MM/DD'),1,'T02','부산역');
Insert into BUNA.PLANDETAIL (P_ROWNUM,P_TRIPDAY,P_TRIPDATE,P_SEQUENCE,S_SERIALNUM,P_SPOTNAME) values (5,2,to_date('22/10/12','RR/MM/DD'),2,'E04','광안리해수욕장');
Insert into BUNA.PLANDETAIL (P_ROWNUM,P_TRIPDAY,P_TRIPDATE,P_SEQUENCE,S_SERIALNUM,P_SPOTNAME) values (5,2,to_date('22/10/12','RR/MM/DD'),3,'R39','1984나폴리');
Insert into BUNA.PLANDETAIL (P_ROWNUM,P_TRIPDAY,P_TRIPDATE,P_SEQUENCE,S_SERIALNUM,P_SPOTNAME) values (5,3,to_date('22/10/13','RR/MM/DD'),1,'R35','서면밀면');
Insert into BUNA.PLANDETAIL (P_ROWNUM,P_TRIPDAY,P_TRIPDATE,P_SEQUENCE,S_SERIALNUM,P_SPOTNAME) values (5,3,to_date('22/10/13','RR/MM/DD'),2,'R47','비비비당');
Insert into BUNA.PLANDETAIL (P_ROWNUM,P_TRIPDAY,P_TRIPDATE,P_SEQUENCE,S_SERIALNUM,P_SPOTNAME) values (5,3,to_date('22/10/13','RR/MM/DD'),3,'R14','해운대암소갈비집');
Insert into BUNA.PLANDETAIL (P_ROWNUM,P_TRIPDAY,P_TRIPDATE,P_SEQUENCE,S_SERIALNUM,P_SPOTNAME) values (6,1,to_date('22/10/18','RR/MM/DD'),1,'T01','김해국제공항');
Insert into BUNA.PLANDETAIL (P_ROWNUM,P_TRIPDAY,P_TRIPDATE,P_SEQUENCE,S_SERIALNUM,P_SPOTNAME) values (6,1,to_date('22/10/18','RR/MM/DD'),2,'A11','부산뷰호텔');
Insert into BUNA.PLANDETAIL (P_ROWNUM,P_TRIPDAY,P_TRIPDATE,P_SEQUENCE,S_SERIALNUM,P_SPOTNAME) values (6,1,to_date('22/10/18','RR/MM/DD'),3,'R46','스노잉클라우드');
Insert into BUNA.PLANDETAIL (P_ROWNUM,P_TRIPDAY,P_TRIPDATE,P_SEQUENCE,S_SERIALNUM,P_SPOTNAME) values (6,1,to_date('22/10/18','RR/MM/DD'),4,'R51','카페루프탑');
Insert into BUNA.PLANDETAIL (P_ROWNUM,P_TRIPDAY,P_TRIPDATE,P_SEQUENCE,S_SERIALNUM,P_SPOTNAME) values (6,1,to_date('22/10/18','RR/MM/DD'),5,'E18','용두산공원 관리사무소');
Insert into BUNA.PLANDETAIL (P_ROWNUM,P_TRIPDAY,P_TRIPDATE,P_SEQUENCE,S_SERIALNUM,P_SPOTNAME) values (6,2,to_date('22/10/19','RR/MM/DD'),1,'E17','초량차이나타운');
Insert into BUNA.PLANDETAIL (P_ROWNUM,P_TRIPDAY,P_TRIPDATE,P_SEQUENCE,S_SERIALNUM,P_SPOTNAME) values (6,2,to_date('22/10/19','RR/MM/DD'),2,'R11','은하갈비');
Insert into BUNA.PLANDETAIL (P_ROWNUM,P_TRIPDAY,P_TRIPDATE,P_SEQUENCE,S_SERIALNUM,P_SPOTNAME) values (6,2,to_date('22/10/19','RR/MM/DD'),3,'R02','신발원');
Insert into BUNA.PLANDETAIL (P_ROWNUM,P_TRIPDAY,P_TRIPDATE,P_SEQUENCE,S_SERIALNUM,P_SPOTNAME) values (6,3,to_date('22/10/20','RR/MM/DD'),1,'R50','브론즈웨인커피');
Insert into BUNA.PLANDETAIL (P_ROWNUM,P_TRIPDAY,P_TRIPDATE,P_SEQUENCE,S_SERIALNUM,P_SPOTNAME) values (6,3,to_date('22/10/20','RR/MM/DD'),2,'R41','서초갈비');
Insert into BUNA.PLANDETAIL (P_ROWNUM,P_TRIPDAY,P_TRIPDATE,P_SEQUENCE,S_SERIALNUM,P_SPOTNAME) values (6,3,to_date('22/10/20','RR/MM/DD'),3,'R44','베르크로스터스');
Insert into BUNA.PLANDETAIL (P_ROWNUM,P_TRIPDAY,P_TRIPDATE,P_SEQUENCE,S_SERIALNUM,P_SPOTNAME) values (6,4,to_date('22/10/21','RR/MM/DD'),1,'R34','사카나식당');
Insert into BUNA.PLANDETAIL (P_ROWNUM,P_TRIPDAY,P_TRIPDATE,P_SEQUENCE,S_SERIALNUM,P_SPOTNAME) values (6,4,to_date('22/10/21','RR/MM/DD'),2,'R45','이너프');
Insert into BUNA.PLANDETAIL (P_ROWNUM,P_TRIPDAY,P_TRIPDATE,P_SEQUENCE,S_SERIALNUM,P_SPOTNAME) values (6,5,to_date('22/10/22','RR/MM/DD'),1,'R48','블랙업커피 해운대점');
Insert into BUNA.PLANDETAIL (P_ROWNUM,P_TRIPDAY,P_TRIPDATE,P_SEQUENCE,S_SERIALNUM,P_SPOTNAME) values (6,5,to_date('22/10/22','RR/MM/DD'),2,'R05','평산옥');
Insert into BUNA.PLANDETAIL (P_ROWNUM,P_TRIPDAY,P_TRIPDATE,P_SEQUENCE,S_SERIALNUM,P_SPOTNAME) values (6,5,to_date('22/10/22','RR/MM/DD'),3,'T01','김해국제공항');
Insert into BUNA.PLANDETAIL (P_ROWNUM,P_TRIPDAY,P_TRIPDATE,P_SEQUENCE,S_SERIALNUM,P_SPOTNAME) values (7,1,to_date('22/10/30','RR/MM/DD'),1,'A38','팔레드시즈');
Insert into BUNA.PLANDETAIL (P_ROWNUM,P_TRIPDAY,P_TRIPDATE,P_SEQUENCE,S_SERIALNUM,P_SPOTNAME) values (7,1,to_date('22/10/30','RR/MM/DD'),2,'R11','은하갈비');
Insert into BUNA.PLANDETAIL (P_ROWNUM,P_TRIPDAY,P_TRIPDATE,P_SEQUENCE,S_SERIALNUM,P_SPOTNAME) values (7,1,to_date('22/10/30','RR/MM/DD'),3,'R07','마가만두');
Insert into BUNA.PLANDETAIL (P_ROWNUM,P_TRIPDAY,P_TRIPDATE,P_SEQUENCE,S_SERIALNUM,P_SPOTNAME) values (7,2,to_date('22/10/31','RR/MM/DD'),1,'A34','해운대센텀호텔');
Insert into BUNA.PLANDETAIL (P_ROWNUM,P_TRIPDAY,P_TRIPDATE,P_SEQUENCE,S_SERIALNUM,P_SPOTNAME) values (7,2,to_date('22/10/31','RR/MM/DD'),2,'R02','신발원');
Insert into BUNA.PLANDETAIL (P_ROWNUM,P_TRIPDAY,P_TRIPDATE,P_SEQUENCE,S_SERIALNUM,P_SPOTNAME) values (7,2,to_date('22/10/31','RR/MM/DD'),3,'R12','육전밀면 부산역본점');
Insert into BUNA.PLANDETAIL (P_ROWNUM,P_TRIPDAY,P_TRIPDATE,P_SEQUENCE,S_SERIALNUM,P_SPOTNAME) values (7,3,to_date('22/11/01','RR/MM/DD'),1,'A39','웨스틴조선 부산');
Insert into BUNA.PLANDETAIL (P_ROWNUM,P_TRIPDAY,P_TRIPDATE,P_SEQUENCE,S_SERIALNUM,P_SPOTNAME) values (7,3,to_date('22/11/01','RR/MM/DD'),2,'R21','상국이네');
Insert into BUNA.PLANDETAIL (P_ROWNUM,P_TRIPDAY,P_TRIPDATE,P_SEQUENCE,S_SERIALNUM,P_SPOTNAME) values (7,3,to_date('22/11/01','RR/MM/DD'),3,'R13','장성향');
Insert into BUNA.PLANDETAIL (P_ROWNUM,P_TRIPDAY,P_TRIPDATE,P_SEQUENCE,S_SERIALNUM,P_SPOTNAME) values (8,1,to_date('22/10/03','RR/MM/DD'),1,'T04','서면역');
Insert into BUNA.PLANDETAIL (P_ROWNUM,P_TRIPDAY,P_TRIPDATE,P_SEQUENCE,S_SERIALNUM,P_SPOTNAME) values (8,1,to_date('22/10/03','RR/MM/DD'),2,'T05','동래역');
Insert into BUNA.PLANDETAIL (P_ROWNUM,P_TRIPDAY,P_TRIPDATE,P_SEQUENCE,S_SERIALNUM,P_SPOTNAME) values (8,1,to_date('22/10/03','RR/MM/DD'),3,'T07','하단역');
Insert into BUNA.PLANDETAIL (P_ROWNUM,P_TRIPDAY,P_TRIPDATE,P_SEQUENCE,S_SERIALNUM,P_SPOTNAME) values (8,1,to_date('22/10/03','RR/MM/DD'),4,'T11','센텀시티역');
Insert into BUNA.PLANDETAIL (P_ROWNUM,P_TRIPDAY,P_TRIPDATE,P_SEQUENCE,S_SERIALNUM,P_SPOTNAME) values (8,1,to_date('22/10/03','RR/MM/DD'),5,'T18','덕천역');
Insert into BUNA.PLANDETAIL (P_ROWNUM,P_TRIPDAY,P_TRIPDATE,P_SEQUENCE,S_SERIALNUM,P_SPOTNAME) values (8,2,to_date('22/10/04','RR/MM/DD'),1,'T21','대연역');
Insert into BUNA.PLANDETAIL (P_ROWNUM,P_TRIPDAY,P_TRIPDATE,P_SEQUENCE,S_SERIALNUM,P_SPOTNAME) values (8,2,to_date('22/10/04','RR/MM/DD'),2,'T23','교대역');
Insert into BUNA.PLANDETAIL (P_ROWNUM,P_TRIPDAY,P_TRIPDATE,P_SEQUENCE,S_SERIALNUM,P_SPOTNAME) values (8,2,to_date('22/10/04','RR/MM/DD'),3,'T25','양정역');
Insert into BUNA.PLANDETAIL (P_ROWNUM,P_TRIPDAY,P_TRIPDATE,P_SEQUENCE,S_SERIALNUM,P_SPOTNAME) values (8,2,to_date('22/10/04','RR/MM/DD'),4,'T26','부산역');
Insert into BUNA.PLANDETAIL (P_ROWNUM,P_TRIPDAY,P_TRIPDATE,P_SEQUENCE,S_SERIALNUM,P_SPOTNAME) values (8,3,to_date('22/10/05','RR/MM/DD'),1,'T28','명륜역');
Insert into BUNA.PLANDETAIL (P_ROWNUM,P_TRIPDAY,P_TRIPDATE,P_SEQUENCE,S_SERIALNUM,P_SPOTNAME) values (8,3,to_date('22/10/05','RR/MM/DD'),2,'T31','미남역');
Insert into BUNA.PLANDETAIL (P_ROWNUM,P_TRIPDAY,P_TRIPDATE,P_SEQUENCE,S_SERIALNUM,P_SPOTNAME) values (8,3,to_date('22/10/05','RR/MM/DD'),3,'T32','전포역');
Insert into BUNA.PLANDETAIL (P_ROWNUM,P_TRIPDAY,P_TRIPDATE,P_SEQUENCE,S_SERIALNUM,P_SPOTNAME) values (8,3,to_date('22/10/05','RR/MM/DD'),4,'T33','신평역');
Insert into BUNA.PLANDETAIL (P_ROWNUM,P_TRIPDAY,P_TRIPDATE,P_SEQUENCE,S_SERIALNUM,P_SPOTNAME) values (9,1,to_date('22/10/26','RR/MM/DD'),1,'A11','부산뷰호텔');
Insert into BUNA.PLANDETAIL (P_ROWNUM,P_TRIPDAY,P_TRIPDATE,P_SEQUENCE,S_SERIALNUM,P_SPOTNAME) values (9,1,to_date('22/10/26','RR/MM/DD'),2,'A24','라이온호텔');
Insert into BUNA.PLANDETAIL (P_ROWNUM,P_TRIPDAY,P_TRIPDATE,P_SEQUENCE,S_SERIALNUM,P_SPOTNAME) values (9,1,to_date('22/10/26','RR/MM/DD'),3,'A25','TRT호텔');
Insert into BUNA.PLANDETAIL (P_ROWNUM,P_TRIPDAY,P_TRIPDATE,P_SEQUENCE,S_SERIALNUM,P_SPOTNAME) values (9,2,to_date('22/10/27','RR/MM/DD'),1,'A29','베니키아해운대호텔마리안느');
Insert into BUNA.PLANDETAIL (P_ROWNUM,P_TRIPDAY,P_TRIPDATE,P_SEQUENCE,S_SERIALNUM,P_SPOTNAME) values (9,2,to_date('22/10/27','RR/MM/DD'),2,'A31','베스트웨스턴 해운대호텔');
Insert into BUNA.PLANDETAIL (P_ROWNUM,P_TRIPDAY,P_TRIPDATE,P_SEQUENCE,S_SERIALNUM,P_SPOTNAME) values (9,2,to_date('22/10/27','RR/MM/DD'),3,'A35','라마다앙코르해운대호텔');
Insert into BUNA.PLANDETAIL (P_ROWNUM,P_TRIPDAY,P_TRIPDATE,P_SEQUENCE,S_SERIALNUM,P_SPOTNAME) values (10,1,to_date('22/10/17','RR/MM/DD'),1,'A11','부산뷰호텔');
Insert into BUNA.PLANDETAIL (P_ROWNUM,P_TRIPDAY,P_TRIPDATE,P_SEQUENCE,S_SERIALNUM,P_SPOTNAME) values (10,1,to_date('22/10/17','RR/MM/DD'),2,'R33','코지하우스');
Insert into BUNA.PLANDETAIL (P_ROWNUM,P_TRIPDAY,P_TRIPDATE,P_SEQUENCE,S_SERIALNUM,P_SPOTNAME) values (10,2,to_date('22/10/18','RR/MM/DD'),1,'A17','롯데호텔 부산');
Insert into BUNA.PLANDETAIL (P_ROWNUM,P_TRIPDAY,P_TRIPDATE,P_SEQUENCE,S_SERIALNUM,P_SPOTNAME) values (10,2,to_date('22/10/18','RR/MM/DD'),2,'A24','라이온호텔');
Insert into BUNA.PLANDETAIL (P_ROWNUM,P_TRIPDAY,P_TRIPDATE,P_SEQUENCE,S_SERIALNUM,P_SPOTNAME) values (10,3,to_date('22/10/19','RR/MM/DD'),1,'E01','부산사직종합운동장 부산아시아드주경기장');
Insert into BUNA.PLANDETAIL (P_ROWNUM,P_TRIPDAY,P_TRIPDATE,P_SEQUENCE,S_SERIALNUM,P_SPOTNAME) values (10,3,to_date('22/10/19','RR/MM/DD'),2,'E09','광안리해수욕장');
Insert into BUNA.PLANDETAIL (P_ROWNUM,P_TRIPDAY,P_TRIPDATE,P_SEQUENCE,S_SERIALNUM,P_SPOTNAME) values (11,1,to_date('22/10/10','RR/MM/DD'),1,'R42','FM커피하우스 1호점');
Insert into BUNA.PLANDETAIL (P_ROWNUM,P_TRIPDAY,P_TRIPDATE,P_SEQUENCE,S_SERIALNUM,P_SPOTNAME) values (11,1,to_date('22/10/10','RR/MM/DD'),2,'T32','전포역');
Insert into BUNA.PLANDETAIL (P_ROWNUM,P_TRIPDAY,P_TRIPDATE,P_SEQUENCE,S_SERIALNUM,P_SPOTNAME) values (11,1,to_date('22/10/10','RR/MM/DD'),3,'E03','영화의전당 야외극장');
Insert into BUNA.PLANDETAIL (P_ROWNUM,P_TRIPDAY,P_TRIPDATE,P_SEQUENCE,S_SERIALNUM,P_SPOTNAME) values (11,2,to_date('22/10/11','RR/MM/DD'),1,'R48','블랙업커피 해운대점');
Insert into BUNA.PLANDETAIL (P_ROWNUM,P_TRIPDAY,P_TRIPDATE,P_SEQUENCE,S_SERIALNUM,P_SPOTNAME) values (11,2,to_date('22/10/11','RR/MM/DD'),2,'A26','한화리조트 해운대');
Insert into BUNA.PLANDETAIL (P_ROWNUM,P_TRIPDAY,P_TRIPDATE,P_SEQUENCE,S_SERIALNUM,P_SPOTNAME) values (11,2,to_date('22/10/11','RR/MM/DD'),3,'R43','프랭클린 커피로스터스');
Insert into BUNA.PLANDETAIL (P_ROWNUM,P_TRIPDAY,P_TRIPDATE,P_SEQUENCE,S_SERIALNUM,P_SPOTNAME) values (11,3,to_date('22/10/12','RR/MM/DD'),1,'R44','베르크로스터스');
Insert into BUNA.PLANDETAIL (P_ROWNUM,P_TRIPDAY,P_TRIPDATE,P_SEQUENCE,S_SERIALNUM,P_SPOTNAME) values (11,3,to_date('22/10/12','RR/MM/DD'),2,'R33','코지하우스');
Insert into BUNA.PLANDETAIL (P_ROWNUM,P_TRIPDAY,P_TRIPDATE,P_SEQUENCE,S_SERIALNUM,P_SPOTNAME) values (11,3,to_date('22/10/12','RR/MM/DD'),3,'T05','동래역');
REM INSERTING into BUNA.PLANINFO
SET DEFINE OFF;
Insert into BUNA.PLANINFO (P_ROWNUM,M_NICKNAME,P_TITLE,P_FIRSTDATE,P_LASTDATE,T_NAMELIST,P_REGDATE,P_LIKE,P_PUBLIC) values (2,'강아지','강아지플랜2',to_date('22/10/06','RR/MM/DD'),to_date('22/10/07','RR/MM/DD'),'#강 #풍경 #커플 #인스타 #산 #동물 #사진 #태그 #냠냠 ',to_date('22/09/27','RR/MM/DD'),6,1);
Insert into BUNA.PLANINFO (P_ROWNUM,M_NICKNAME,P_TITLE,P_FIRSTDATE,P_LASTDATE,T_NAMELIST,P_REGDATE,P_LIKE,P_PUBLIC) values (1,'강아지','강아지플랜1',to_date('22/10/05','RR/MM/DD'),to_date('22/10/07','RR/MM/DD'),'#사진 #바다 #인스타 #산 #커플 #풍경 ',to_date('22/09/27','RR/MM/DD'),2,1);
Insert into BUNA.PLANINFO (P_ROWNUM,M_NICKNAME,P_TITLE,P_FIRSTDATE,P_LASTDATE,T_NAMELIST,P_REGDATE,P_LIKE,P_PUBLIC) values (3,'염소','염소플랜1',to_date('22/10/07','RR/MM/DD'),to_date('22/10/08','RR/MM/DD'),'#동물 #사진 #드라이브 #바다 #인스타 #산 #부산여행너무재밌어요 ',to_date('22/09/27','RR/MM/DD'),4,1);
Insert into BUNA.PLANINFO (P_ROWNUM,M_NICKNAME,P_TITLE,P_FIRSTDATE,P_LASTDATE,T_NAMELIST,P_REGDATE,P_LIKE,P_PUBLIC) values (4,'염소','염소플랜2',to_date('22/10/05','RR/MM/DD'),to_date('22/10/06','RR/MM/DD'),'#동물 #사진 #맛집 #산 #커플 #풍경 #강 #인스타 ',to_date('22/09/27','RR/MM/DD'),4,1);
Insert into BUNA.PLANINFO (P_ROWNUM,M_NICKNAME,P_TITLE,P_FIRSTDATE,P_LASTDATE,T_NAMELIST,P_REGDATE,P_LIKE,P_PUBLIC) values (5,'송아지','송아지플랜1',to_date('22/10/11','RR/MM/DD'),to_date('22/10/13','RR/MM/DD'),'#바다 #사진 #맛집 #송아지가떠나는여행 #커플 ',to_date('22/09/27','RR/MM/DD'),3,1);
Insert into BUNA.PLANINFO (P_ROWNUM,M_NICKNAME,P_TITLE,P_FIRSTDATE,P_LASTDATE,T_NAMELIST,P_REGDATE,P_LIKE,P_PUBLIC) values (6,'기린','기린플랜1',to_date('22/10/18','RR/MM/DD'),to_date('22/10/22','RR/MM/DD'),'#인스타 #동물 #사진 #산 #물 #목길이 ',to_date('22/09/27','RR/MM/DD'),3,1);
Insert into BUNA.PLANINFO (P_ROWNUM,M_NICKNAME,P_TITLE,P_FIRSTDATE,P_LASTDATE,T_NAMELIST,P_REGDATE,P_LIKE,P_PUBLIC) values (7,'원숭이','원숭이플랜1',to_date('22/10/30','RR/MM/DD'),to_date('22/11/01','RR/MM/DD'),'#사진 #바다 #인스타 ',to_date('22/09/27','RR/MM/DD'),3,1);
Insert into BUNA.PLANINFO (P_ROWNUM,M_NICKNAME,P_TITLE,P_FIRSTDATE,P_LASTDATE,T_NAMELIST,P_REGDATE,P_LIKE,P_PUBLIC) values (8,'치타','치타플랜1',to_date('22/10/03','RR/MM/DD'),to_date('22/10/05','RR/MM/DD'),'#맛집 #인스타 #산 #커플 #강 #풍경 #바다 #치타는빨라빠르면비행 ',to_date('22/09/27','RR/MM/DD'),2,1);
Insert into BUNA.PLANINFO (P_ROWNUM,M_NICKNAME,P_TITLE,P_FIRSTDATE,P_LASTDATE,T_NAMELIST,P_REGDATE,P_LIKE,P_PUBLIC) values (9,'고슴도치','고슴도치플랜1',to_date('22/10/26','RR/MM/DD'),to_date('22/10/27','RR/MM/DD'),'#동물 #사진 #산 #인스타 #커플 #풍경 #고슴도치는따가워 ',to_date('22/09/27','RR/MM/DD'),1,1);
Insert into BUNA.PLANINFO (P_ROWNUM,M_NICKNAME,P_TITLE,P_FIRSTDATE,P_LASTDATE,T_NAMELIST,P_REGDATE,P_LIKE,P_PUBLIC) values (10,'사슴','사슴플랜1',to_date('22/10/17','RR/MM/DD'),to_date('22/10/19','RR/MM/DD'),'#맛집 #사진 #산 #인스타 #커플 #풍경 #강 #동물 ',to_date('22/09/27','RR/MM/DD'),2,1);
Insert into BUNA.PLANINFO (P_ROWNUM,M_NICKNAME,P_TITLE,P_FIRSTDATE,P_LASTDATE,T_NAMELIST,P_REGDATE,P_LIKE,P_PUBLIC) values (11,'호랑이','호랑이플랜1',to_date('22/10/10','RR/MM/DD'),to_date('22/10/12','RR/MM/DD'),'#사진 #바다 #인스타 #풍경 #강 #동물 #커플 #맛집 #드라이브 ',to_date('22/09/27','RR/MM/DD'),1,1);
--------------------------------------------------------
--  DDL for Index PK_MEMBERINFO
--------------------------------------------------------

  CREATE UNIQUE INDEX "BUNA"."PK_MEMBERINFO" ON "BUNA"."MEMBERINFO" ("M_NICKNAME") 
  PCTFREE 10 INITRANS 2 MAXTRANS 255 COMPUTE STATISTICS 
  STORAGE(INITIAL 65536 NEXT 1048576 MINEXTENTS 1 MAXEXTENTS 2147483645
  PCTINCREASE 0 FREELISTS 1 FREELIST GROUPS 1 BUFFER_POOL DEFAULT FLASH_CACHE DEFAULT CELL_FLASH_CACHE DEFAULT)
  TABLESPACE "SYSTEM" ;
--------------------------------------------------------
--  DDL for Index PK_PLANINFO
--------------------------------------------------------

  CREATE UNIQUE INDEX "BUNA"."PK_PLANINFO" ON "BUNA"."PLANINFO" ("P_ROWNUM") 
  PCTFREE 10 INITRANS 2 MAXTRANS 255 COMPUTE STATISTICS 
  STORAGE(INITIAL 65536 NEXT 1048576 MINEXTENTS 1 MAXEXTENTS 2147483645
  PCTINCREASE 0 FREELISTS 1 FREELIST GROUPS 1 BUFFER_POOL DEFAULT FLASH_CACHE DEFAULT CELL_FLASH_CACHE DEFAULT)
  TABLESPACE "SYSTEM" ;
--------------------------------------------------------
--  Constraints for Table MEMBERINFO
--------------------------------------------------------

  ALTER TABLE "BUNA"."MEMBERINFO" MODIFY ("M_NICKNAME" NOT NULL ENABLE);
  ALTER TABLE "BUNA"."MEMBERINFO" MODIFY ("M_PASSWORD" NOT NULL ENABLE);
  ALTER TABLE "BUNA"."MEMBERINFO" MODIFY ("M_BIRTHYEAR" NOT NULL ENABLE);
  ALTER TABLE "BUNA"."MEMBERINFO" MODIFY ("M_GENDER" NOT NULL ENABLE);
  ALTER TABLE "BUNA"."MEMBERINFO" MODIFY ("M_JOINDATE" NOT NULL ENABLE);
  ALTER TABLE "BUNA"."MEMBERINFO" ADD CONSTRAINT "PK_MEMBERINFO" PRIMARY KEY ("M_NICKNAME")
  USING INDEX PCTFREE 10 INITRANS 2 MAXTRANS 255 COMPUTE STATISTICS 
  STORAGE(INITIAL 65536 NEXT 1048576 MINEXTENTS 1 MAXEXTENTS 2147483645
  PCTINCREASE 0 FREELISTS 1 FREELIST GROUPS 1 BUFFER_POOL DEFAULT FLASH_CACHE DEFAULT CELL_FLASH_CACHE DEFAULT)
  TABLESPACE "SYSTEM"  ENABLE;
--------------------------------------------------------
--  Constraints for Table LIKEINFO
--------------------------------------------------------

  ALTER TABLE "BUNA"."LIKEINFO" MODIFY ("M_NICKNAME" NOT NULL ENABLE);
  ALTER TABLE "BUNA"."LIKEINFO" MODIFY ("P_ROWNUM" NOT NULL ENABLE);
  ALTER TABLE "BUNA"."LIKEINFO" MODIFY ("M_AGERANGE" NOT NULL ENABLE);
  ALTER TABLE "BUNA"."LIKEINFO" MODIFY ("M_GENDER" NOT NULL ENABLE);
--------------------------------------------------------
--  Constraints for Table PLANDETAIL
--------------------------------------------------------

  ALTER TABLE "BUNA"."PLANDETAIL" MODIFY ("P_ROWNUM" NOT NULL ENABLE);
  ALTER TABLE "BUNA"."PLANDETAIL" MODIFY ("P_TRIPDAY" NOT NULL ENABLE);
  ALTER TABLE "BUNA"."PLANDETAIL" MODIFY ("P_TRIPDATE" NOT NULL ENABLE);
  ALTER TABLE "BUNA"."PLANDETAIL" MODIFY ("P_SEQUENCE" NOT NULL ENABLE);
  ALTER TABLE "BUNA"."PLANDETAIL" MODIFY ("S_SERIALNUM" NOT NULL ENABLE);
  ALTER TABLE "BUNA"."PLANDETAIL" MODIFY ("P_SPOTNAME" NOT NULL ENABLE);
--------------------------------------------------------
--  Constraints for Table PLANINFO
--------------------------------------------------------

  ALTER TABLE "BUNA"."PLANINFO" MODIFY ("P_ROWNUM" NOT NULL ENABLE);
  ALTER TABLE "BUNA"."PLANINFO" MODIFY ("M_NICKNAME" NOT NULL ENABLE);
  ALTER TABLE "BUNA"."PLANINFO" MODIFY ("P_TITLE" NOT NULL ENABLE);
  ALTER TABLE "BUNA"."PLANINFO" MODIFY ("P_FIRSTDATE" NOT NULL ENABLE);
  ALTER TABLE "BUNA"."PLANINFO" MODIFY ("P_LASTDATE" NOT NULL ENABLE);
  ALTER TABLE "BUNA"."PLANINFO" MODIFY ("P_REGDATE" NOT NULL ENABLE);
  ALTER TABLE "BUNA"."PLANINFO" MODIFY ("P_LIKE" NOT NULL ENABLE);
  ALTER TABLE "BUNA"."PLANINFO" MODIFY ("P_PUBLIC" NOT NULL ENABLE);
  ALTER TABLE "BUNA"."PLANINFO" ADD CONSTRAINT "PK_PLANINFO" PRIMARY KEY ("P_ROWNUM")
  USING INDEX PCTFREE 10 INITRANS 2 MAXTRANS 255 COMPUTE STATISTICS 
  STORAGE(INITIAL 65536 NEXT 1048576 MINEXTENTS 1 MAXEXTENTS 2147483645
  PCTINCREASE 0 FREELISTS 1 FREELIST GROUPS 1 BUFFER_POOL DEFAULT FLASH_CACHE DEFAULT CELL_FLASH_CACHE DEFAULT)
  TABLESPACE "SYSTEM"  ENABLE;
--------------------------------------------------------
--  Ref Constraints for Table LIKEINFO
--------------------------------------------------------

  ALTER TABLE "BUNA"."LIKEINFO" ADD CONSTRAINT "FK_MEMBERINFO_TO_LIKEINFO_1" FOREIGN KEY ("M_NICKNAME")
	  REFERENCES "BUNA"."MEMBERINFO" ("M_NICKNAME") ON DELETE CASCADE ENABLE;
  ALTER TABLE "BUNA"."LIKEINFO" ADD CONSTRAINT "FK_PLANINFO_TO_LIKEINFO_1" FOREIGN KEY ("P_ROWNUM")
	  REFERENCES "BUNA"."PLANINFO" ("P_ROWNUM") ON DELETE CASCADE ENABLE;
--------------------------------------------------------
--  Ref Constraints for Table PLANDETAIL
--------------------------------------------------------

  ALTER TABLE "BUNA"."PLANDETAIL" ADD CONSTRAINT "FK_PLANDETAIL_TO_SPOTDETAIL_1" FOREIGN KEY ("S_SERIALNUM")
	  REFERENCES "BUNA"."SPOTDETAIL" ("S_SERIALNUM") ENABLE;
  ALTER TABLE "BUNA"."PLANDETAIL" ADD CONSTRAINT "FK_PLANINFO_TO_PLANDETAIL_1" FOREIGN KEY ("P_ROWNUM")
	  REFERENCES "BUNA"."PLANINFO" ("P_ROWNUM") ON DELETE CASCADE ENABLE;
--------------------------------------------------------
--  Ref Constraints for Table PLANINFO
--------------------------------------------------------

  ALTER TABLE "BUNA"."PLANINFO" ADD CONSTRAINT "FK_MEMBERINFO_TO_PLANINFO_1" FOREIGN KEY ("M_NICKNAME")
	  REFERENCES "BUNA"."MEMBERINFO" ("M_NICKNAME") ON DELETE CASCADE ENABLE;
